id,1,2,3,4,5
3,1,1,0,0,1
5,0,1,0,0,0
6,0,1,0,0,0
8,1,0,0,0,0
10,0,0,1,1,0
11,0,0,1,0,1
13,1,0,0,0,0
15,0,0,1,1,0
17,0,0,0,0,1
18,0,1,0,1,1
19,1,1,0,1,1
20,0,0,1,0,0
22,1,0,0,0,1
24,0,0,1,1,0
25,1,1,0,0,0
27,0,0,1,0,1
28,0,0,0,0,1
29,1,1,0,1,1
30,0,0,0,0,0
34,0,0,0,0,0
36,0,1,0,1,1
42,0,0,1,0,0
43,0,0,0,0,1
45,1,0,0,1,1
46,0,1,0,0,0
49,1,1,0,0,1
50,0,0,0,0,0
51,0,0,1,0,0
56,0,1,0,0,1
57,1,0,0,0,1
58,1,0,0,0,0
61,1,1,0,0,1
63,0,1,0,0,0
66,1,0,0,0,1
67,1,0,0,1,0
68,1,0,0,0,1
71,1,0,0,0,1
72,0,0,0,0,0
73,1,0,0,0,0
76,0,0,0,0,0
77,0,1,0,0,0
78,0,0,1,1,1
80,0,1,1,0,1
86,0,0,0,1,0
87,1,1,0,1,1
90,0,0,0,0,0
92,0,0,0,1,0
93,0,0,0,0,0
96,0,1,0,0,1
97,1,1,0,1,0
98,0,0,0,0,1
99,1,0,0,1,1
100,0,1,0,1,0
103,0,0,1,0,0
105,0,0,0,0,0
109,0,1,0,0,1
110,1,0,0,0,0
114,1,0,0,1,1
115,1,1,0,1,1
116,0,0,0,0,0
118,0,0,0,1,0
119,0,0,0,0,1
120,0,0,0,0,1
121,0,1,0,0,0
122,1,0,0,0,1
124,0,0,1,0,0
130,0,1,0,1,1
131,1,1,0,0,0
138,0,0,0,0,1
139,0,0,0,0,0
143,0,1,0,1,0
144,0,0,1,0,1
145,0,1,0,0,0
146,0,0,0,1,0
153,1,0,0,0,1
155,0,0,1,0,0
157,0,1,0,0,0
161,1,1,0,0,0
162,1,0,0,0,1
164,0,0,0,0,0
166,0,1,0,1,0
167,0,0,1,1,0
168,1,1,0,0,0
169,1,1,0,0,1
170,0,0,1,0,0
172,0,1,0,1,1
175,0,0,0,0,0
179,1,1,0,0,1
180,0,0,0,1,1
183,0,0,1,0,1
185,0,0,0,1,1
187,1,1,0,0,1
191,1,0,1,0,0
192,1,0,0,0,1
196,1,1,0,1,1
199,0,1,1,1,1
200,0,0,1,0,0
201,1,1,0,0,1
202,0,0,1,1,0
203,1,1,0,1,0
205,0,1,0,0,0
207,0,1,0,0,0
208,0,0,0,0,0
212,0,0,1,0,0
214,1,0,0,0,1
216,0,1,0,1,0
220,0,0,0,0,0
221,0,0,0,0,0
222,0,1,0,0,0
227,0,1,0,1,1
232,0,0,1,1,0
235,1,0,1,0,0
238,0,1,0,0,0
241,0,0,1,0,0
246,0,0,0,1,1
249,0,0,1,0,1
250,0,0,0,0,0
251,0,0,1,0,0
253,0,0,1,0,1
255,0,0,1,0,1
257,0,0,0,1,1
258,1,1,0,0,0
260,0,0,1,0,0
262,0,0,1,1,1
264,0,1,0,0,0
267,0,0,1,0,0
268,0,0,0,0,0
270,0,1,1,1,0
274,0,0,1,0,0
279,0,1,0,1,1
282,0,0,0,0,0
283,0,0,0,0,0
284,0,0,0,0,0
285,1,1,0,1,1
288,1,1,0,0,1
289,0,0,0,0,1
296,0,0,0,0,1
301,0,1,0,0,0
302,1,0,1,0,1
305,0,1,0,0,1
310,0,0,1,0,0
313,0,0,0,1,1
314,0,1,0,1,0
315,0,1,0,0,1
316,1,0,0,0,1
317,0,0,0,0,0
318,0,1,0,0,0
321,1,0,0,0,0
322,1,0,0,0,0
326,0,0,0,0,0
327,0,0,0,0,0
333,1,1,0,0,0
336,0,0,1,0,0
337,0,0,0,0,0
339,1,1,0,1,1
340,0,0,1,0,1
341,0,0,0,0,0
346,0,1,1,1,1
349,0,0,0,0,0
350,0,1,0,1,0
351,0,0,0,0,0
359,0,0,0,0,0
361,0,0,0,0,0
365,1,0,0,0,1
369,0,1,0,0,1
372,0,1,0,1,0
373,0,0,1,0,0
374,0,0,0,0,1
375,1,0,0,1,1
379,0,1,0,0,0
380,0,0,1,0,0
381,1,1,0,1,1
382,1,1,0,0,0
385,0,0,1,1,1
386,0,0,0,0,1
387,1,1,0,0,1
388,0,0,0,0,0
390,0,0,0,0,0
392,0,0,1,0,0
394,0,0,1,0,0
397,0,0,0,0,1
404,1,0,0,0,1
406,0,0,0,0,0
407,0,1,1,0,0
411,0,0,0,0,0
412,0,1,0,1,0
414,0,0,1,0,0
415,0,0,1,0,0
419,1,0,1,0,1
421,0,0,0,0,0
423,1,0,0,0,0
427,0,0,0,1,1
428,1,0,0,0,1
430,0,0,1,0,1
431,0,1,0,0,1
432,0,0,0,0,0
436,1,0,0,0,0
440,0,0,0,0,0
442,0,0,0,1,1
443,0,0,1,0,0
444,0,1,0,1,0
445,0,0,1,0,0
446,1,0,1,0,0
447,1,0,0,1,0
448,0,0,0,0,1
453,0,1,0,1,0
454,0,1,0,0,1
457,1,1,0,1,1
460,0,0,0,0,1
467,1,0,0,0,1
468,1,1,0,0,0
469,1,1,0,0,1
470,1,1,0,1,1
472,0,1,1,1,1
474,0,0,0,0,1
475,1,0,0,1,0
478,0,0,1,1,0
479,0,0,1,0,0
481,0,1,1,0,1
483,1,0,0,0,1
484,0,0,1,0,0
486,0,1,1,0,0
488,1,0,0,1,1
489,0,0,0,1,0
491,0,0,1,0,0
493,0,0,0,1,0
494,0,0,1,0,1
495,1,1,0,0,0
497,1,1,0,1,1
504,0,0,0,0,0
505,0,0,1,0,1
506,0,0,1,0,1
507,0,0,1,0,1
508,0,1,0,0,0
509,0,0,0,1,1
510,0,0,1,0,0
514,1,1,0,0,1
515,0,1,0,1,1
516,1,0,0,0,1
517,1,1,0,0,0
520,1,0,0,1,1
521,0,0,0,1,0
523,1,1,0,0,0
527,0,0,1,0,0
528,0,1,0,0,1
533,0,0,0,0,0
535,0,0,0,1,0
537,0,1,0,0,1
538,0,0,1,0,0
541,0,0,1,0,0
542,0,0,0,0,0
543,0,0,0,1,0
546,1,0,0,1,0
547,1,1,0,1,1
551,0,1,0,0,0
552,0,0,1,1,0
554,1,0,0,0,1
555,1,1,0,1,1
557,0,0,0,0,0
558,0,0,0,0,0
559,0,0,0,0,0
560,0,1,0,1,0
561,1,1,0,1,1
565,0,1,0,0,0
566,0,1,1,1,0
571,0,0,0,0,0
572,0,0,1,1,0
574,0,1,0,0,0
575,0,0,0,1,0
582,0,0,1,1,0
585,0,0,1,0,0
586,1,0,0,0,1
587,1,0,0,0,0
590,0,1,0,0,0
593,0,0,0,0,0
594,1,1,0,0,1
595,0,1,0,0,0
596,0,0,0,1,0
597,0,0,0,0,0
598,0,0,0,0,1
599,1,1,0,0,1
601,1,1,0,0,1
602,0,0,0,0,0
603,1,0,0,0,0
605,0,0,0,1,0
609,0,0,0,0,0
610,0,1,0,1,1
611,0,0,0,1,1
612,0,0,0,1,1
613,0,0,0,0,0
616,0,0,1,0,0
617,0,0,1,1,0
619,0,0,0,0,0
622,0,0,0,0,1
623,1,0,1,0,0
624,0,1,0,0,1
625,0,0,0,0,1
631,1,0,0,1,0
632,0,0,0,0,0
633,0,0,0,0,1
636,1,0,0,0,0
640,0,0,0,0,0
642,1,0,0,0,1
643,0,0,0,1,0
651,1,1,0,1,0
652,1,1,0,0,1
654,1,0,0,0,0
655,0,0,1,1,0
656,1,0,0,0,0
661,0,0,0,1,0
662,0,0,1,0,0
665,0,0,1,1,0
667,1,0,0,1,1
668,0,0,1,0,1
670,0,1,0,1,0
673,1,1,0,0,0
675,1,0,1,0,1
677,0,0,0,0,0
680,0,1,0,0,0
682,0,0,1,0,0
685,1,1,0,0,1
687,1,1,0,0,1
689,1,0,0,0,0
690,0,0,0,1,1
691,0,1,0,1,1
693,1,1,0,1,0
695,0,0,1,0,0
697,0,0,1,0,0
701,0,0,1,1,1
702,1,1,0,0,1
703,0,0,1,1,0
706,0,0,0,0,0
711,1,1,0,0,0
713,0,0,0,1,0
714,0,0,0,1,0
715,0,1,0,0,0
716,1,0,1,0,0
717,1,0,0,0,1
718,0,1,0,0,1
721,0,1,0,1,1
723,0,0,1,1,1
725,0,0,1,0,1
727,0,0,0,0,1
728,0,0,1,0,0
730,1,1,0,0,1
731,1,0,0,0,1
732,1,0,0,1,0
733,0,0,0,0,1
734,0,0,0,1,0
738,0,0,0,1,1
742,1,0,0,1,1
743,0,0,0,0,0
746,0,0,0,1,0
751,0,0,0,0,0
752,0,1,0,1,1
754,0,0,1,1,1
755,1,1,0,0,0
759,1,1,0,1,0
767,1,1,0,1,1
771,0,0,1,0,0
772,1,0,1,0,0
776,1,0,1,0,1
777,0,1,0,0,0
778,0,0,1,0,0
781,0,0,1,0,1
783,0,0,1,0,0
784,0,0,1,0,0
786,0,0,1,0,1
792,1,1,0,1,1
793,0,0,0,0,0
794,0,1,1,1,1
795,1,1,0,0,1
796,0,0,0,0,1
798,0,0,0,1,0
801,1,1,0,1,1
806,0,1,0,0,1
808,1,1,0,0,1
810,0,1,0,0,0
811,1,0,0,1,1
815,1,1,1,0,0
817,0,0,0,1,0
818,0,1,0,0,1
819,0,0,0,0,0
820,0,0,0,0,1
821,0,0,1,0,0
825,0,0,1,0,0
826,1,1,0,0,1
829,0,1,0,0,0
835,0,0,1,0,0
836,0,0,0,0,0
838,0,0,0,0,0
842,0,0,0,0,1
844,0,0,1,0,0
846,0,0,0,1,1
848,1,1,0,0,1
851,0,0,1,0,1
854,0,0,1,1,0
855,0,0,0,1,1
856,0,1,0,0,0
858,1,0,0,0,1
861,0,1,1,1,0
862,0,0,1,1,0
863,0,1,0,0,0
864,0,1,0,0,0
868,1,0,0,0,0
870,0,0,1,0,0
871,0,0,1,0,1
872,0,0,0,0,0
873,0,0,0,0,1
874,1,0,0,0,1
875,1,0,0,0,1
876,1,0,1,0,0
880,0,1,0,0,1
881,1,1,0,0,1
886,0,0,0,0,0
890,1,0,0,0,0
892,0,0,1,0,0
894,0,0,0,0,0
896,0,0,0,1,1
898,0,0,0,0,0
901,1,1,0,1,1
902,0,1,0,1,1
904,1,1,0,0,0
905,0,1,0,0,0
907,1,1,0,1,1
909,1,0,0,1,0
911,0,1,0,0,0
912,1,1,0,1,1
916,0,0,0,0,1
917,1,0,1,0,0
920,1,1,0,1,1
922,0,0,1,0,0
923,0,0,1,0,0
924,1,1,0,1,1
925,1,0,1,0,0
926,0,0,0,0,0
927,0,1,0,0,1
931,0,0,0,1,1
933,1,1,0,1,1
934,0,1,0,1,0
937,0,0,1,0,0
938,0,0,1,0,0
939,0,1,0,0,0
940,0,1,0,1,1
943,0,0,1,0,0
948,1,1,0,0,1
951,1,1,0,0,1
952,0,0,0,0,0
955,0,0,1,0,1
960,0,0,0,0,0
961,0,0,1,0,0
962,0,1,0,0,0
968,0,0,1,0,1
969,0,0,1,0,0
970,1,1,0,0,0
972,1,1,1,0,1
976,0,0,1,0,0
980,0,0,1,0,1
982,0,0,1,0,0
984,0,0,0,0,0
985,0,0,0,0,1
986,0,0,0,0,1
988,0,0,1,1,0
991,1,0,0,1,0
992,0,0,1,0,1
994,0,0,1,0,0
995,1,1,0,1,1
1002,0,1,0,0,0
1004,0,0,1,0,1
1005,0,0,1,1,0
1006,0,0,1,0,1
1007,0,1,0,0,1
1009,0,0,0,0,0
1012,0,0,1,0,1
1016,0,0,1,0,1
1019,0,1,1,1,0
1020,0,0,0,0,0
1021,0,0,1,0,0
1022,1,0,1,0,0
1023,0,0,0,0,0
1027,0,0,0,0,0
1030,0,0,0,0,0
1031,0,0,0,0,0
1033,0,0,0,0,1
1034,0,0,1,0,0
1042,1,1,0,1,0
1045,1,1,0,0,1
1046,0,0,1,0,0
1047,0,0,1,0,0
1048,0,0,0,1,0
1049,0,1,1,0,0
1050,0,0,0,0,0
1051,0,1,1,0,1
1054,1,0,0,1,0
1063,0,0,0,0,0
1064,0,0,0,0,1
1066,1,0,0,0,0
1067,0,1,0,0,1
1071,0,0,1,0,0
1074,0,0,1,0,0
1077,0,1,0,0,0
1079,0,0,1,0,0
1083,0,0,0,1,1
1084,0,0,1,0,1
1085,0,0,1,0,0
1087,1,1,0,1,1
1088,0,0,0,0,0
1090,0,1,0,1,1
1091,1,1,0,0,1
1093,0,0,1,0,0
1094,0,1,0,0,0
1099,0,0,1,0,0
1100,0,0,1,0,0
1106,1,1,0,0,0
1108,1,1,0,1,1
1113,0,1,0,1,1
1115,0,0,0,0,0
1116,0,0,1,0,0
1117,0,0,0,1,0
1118,0,0,1,0,0
1119,0,0,1,1,0
1124,0,0,1,0,0
1126,0,0,0,0,0
1128,0,1,0,0,0
1129,1,1,0,1,0
1130,0,0,0,0,1
1131,1,0,0,1,0
1133,0,1,0,0,0
1134,0,0,0,0,0
1135,0,0,1,0,1
1137,0,0,1,0,0
1140,0,0,0,1,1
1143,0,0,1,1,0
1144,0,1,0,1,0
1146,0,0,1,0,1
1147,0,0,1,1,0
1148,0,0,1,1,0
1153,0,0,0,0,0
1157,0,0,1,0,1
1159,1,0,0,0,1
1164,0,1,1,0,0
1165,0,1,0,0,1
1166,0,0,0,1,0
1167,0,0,0,0,0
1168,0,0,0,0,0
1170,1,0,1,1,1
1175,0,1,0,0,0
1177,0,0,0,1,0
1178,0,0,1,1,1
1182,0,1,0,0,0
1183,1,0,1,0,1
1185,0,0,0,0,0
1186,1,1,0,0,0
1187,0,0,0,0,0
1189,1,1,0,0,1
1191,0,0,0,1,0
1193,1,0,1,0,0
1194,0,1,0,1,0
1197,0,0,0,0,0
1198,0,0,0,0,0
1203,0,1,0,0,0
1205,1,0,1,0,0
1207,0,0,0,1,1
1208,1,0,0,1,1
1210,0,0,0,0,0
1214,0,0,1,1,0
1217,0,0,0,1,1
1223,1,1,0,1,0
1225,1,1,0,0,1
1227,0,0,0,0,0
1228,1,0,0,0,1
1230,1,0,0,1,0
1234,1,1,0,0,1
1240,0,0,1,0,1
1241,0,0,0,0,1
1242,0,0,0,0,1
1243,1,0,1,0,0
1244,0,1,0,0,0
1245,0,1,1,0,0
1247,0,1,0,0,1
1248,0,0,0,0,0
1249,1,1,0,0,0
1250,0,0,0,0,0
1254,0,0,0,1,0
1256,0,0,0,0,0
1258,0,0,1,0,0
1259,0,1,0,0,0
1261,0,0,1,0,0
1262,0,1,0,0,0
1266,0,0,0,0,0
1269,0,0,0,0,0
1270,0,0,1,0,0
1272,0,0,1,1,1
1273,0,0,0,0,0
1274,0,0,0,0,0
1275,0,0,0,0,0
1277,0,0,1,0,0
1278,1,0,0,0,1
1279,1,0,0,0,1
1282,0,0,1,0,0
1284,0,1,0,1,1
1287,0,0,0,0,0
1288,0,1,1,1,0
1291,0,0,1,0,0
1292,1,0,0,0,0
1293,1,0,0,0,0
1294,0,0,1,1,0
1295,0,1,0,0,1
1296,0,0,0,1,0
1300,0,0,1,0,0
1303,0,1,0,1,0
1306,1,1,0,1,1
1307,0,0,0,0,0
1309,0,0,0,0,1
1312,0,0,1,1,0
1314,0,0,0,0,0
1315,1,1,0,0,0
1316,0,0,1,1,1
1317,0,0,0,0,0
1319,0,0,1,0,0
1320,0,0,1,0,0
1321,1,0,0,0,1
1322,0,0,1,0,0
1323,1,1,0,1,1
1324,0,0,0,0,0
1325,1,1,0,1,1
1328,0,1,0,1,0
1331,0,1,0,1,0
1333,0,0,0,1,1
1336,0,0,0,1,0
1337,0,0,0,0,0
1338,0,0,0,0,0
1339,0,0,0,0,0
1340,1,0,0,1,1
1341,1,1,1,1,0
1342,0,1,0,0,0
1344,0,0,0,0,0
1345,0,1,0,0,0
1346,0,0,0,1,0
1348,0,1,0,1,0
1350,0,0,1,0,0
1351,1,0,1,1,0
1352,0,0,1,1,0
1357,0,0,0,0,1
1359,1,1,0,1,0
1360,0,0,1,0,1
1363,0,1,1,0,0
1366,1,0,1,1,1
1367,0,0,0,0,0
1368,0,0,1,0,1
1370,0,0,0,0,0
1374,0,0,1,0,0
1375,0,0,0,0,0
1377,0,1,1,0,0
1378,1,0,1,1,1
1379,0,0,1,1,1
1381,1,1,0,0,0
1386,0,1,0,0,0
1388,0,0,1,0,0
1389,1,1,0,0,1
1390,1,1,0,1,0
1391,0,0,0,0,0
1392,1,1,0,1,1
1393,0,0,1,1,0
1396,1,0,0,0,1
1398,0,1,0,0,0
1399,1,1,0,1,1
1400,0,0,1,0,0
1401,0,1,0,1,1
1404,0,0,1,0,0
1405,0,0,0,0,0
1406,1,0,1,1,1
1407,0,1,1,0,1
1413,1,0,0,0,1
1415,0,1,0,0,0
1416,1,0,0,0,0
1418,0,0,1,0,0
1419,1,0,0,0,1
1420,1,0,1,0,0
1421,0,0,1,1,0
1423,1,0,0,0,0
1427,0,0,1,1,1
1430,1,0,0,0,1
1431,0,0,0,0,0
1432,0,0,1,0,0
1433,0,1,0,0,0
1434,0,0,0,0,0
1435,0,1,1,1,0
1436,0,1,0,0,0
1437,1,1,0,1,1
1439,0,0,0,0,0
1441,0,0,1,0,0
1445,0,1,0,1,1
1446,0,0,0,1,0
1448,1,1,0,0,1
1452,1,1,0,0,1
1454,0,0,1,0,0
1455,0,0,1,1,0
1456,0,1,0,0,1
1457,0,0,1,0,0
1460,1,1,0,1,1
1461,0,0,0,0,0
1463,1,1,0,0,1
1466,0,0,1,1,0
1468,0,1,0,1,1
1470,0,0,0,0,0
1474,0,0,1,0,0
1477,1,1,1,0,1
1481,0,0,1,0,1
1483,1,1,0,0,0
1484,1,1,0,1,0
1485,1,1,0,1,1
1487,0,0,0,0,0
1490,0,0,1,0,1
1491,0,0,1,0,0
1492,1,0,0,0,1
1493,0,0,1,0,0
1495,0,0,1,0,0
1497,0,0,0,0,0
1499,0,1,0,1,0
1503,0,0,0,0,0
1506,0,1,0,0,0
1508,1,0,1,0,0
1511,1,0,1,1,0
1515,0,0,1,0,0
1521,1,1,0,0,0
1523,1,0,0,1,1
1524,0,0,1,0,1
1526,0,1,0,1,0
1528,0,0,0,0,0
1531,1,1,0,1,0
1534,0,0,1,0,0
1536,0,0,0,0,0
1537,0,0,0,1,1
1542,0,0,0,0,0
1544,0,0,0,0,0
1545,0,0,0,1,1
1546,0,0,0,0,0
1547,0,0,0,1,0
1548,0,1,0,1,0
1549,0,1,0,1,0
1550,0,0,0,0,0
1551,1,0,0,0,0
1553,0,0,0,1,0
1556,0,0,0,0,0
1558,0,0,1,0,1
1559,0,0,1,0,0
1560,0,0,0,1,1
1561,0,0,1,0,0
1562,0,0,0,0,1
1563,1,0,0,0,1
1564,1,0,0,0,0
1566,0,0,1,1,0
1572,0,1,0,0,0
1575,0,1,0,0,0
1577,1,1,0,1,1
1578,0,0,1,0,0
1581,1,0,1,0,0
1583,0,1,0,0,0
1584,0,0,1,0,0
1587,0,0,0,0,0
1589,1,0,1,0,0
1590,0,0,1,0,0
1591,0,1,0,0,1
1592,0,0,0,0,0
1593,0,1,0,1,1
1594,1,1,0,0,1
1596,1,0,0,0,0
1598,0,0,1,0,0
1599,0,1,0,0,0
1601,0,0,0,0,0
1603,0,0,0,0,1
1604,0,0,0,0,0
1608,0,1,0,0,0
1610,1,0,0,0,1
1612,0,0,1,0,0
1613,0,1,0,0,0
1614,0,0,1,0,0
1616,1,0,0,0,0
1617,0,0,0,0,0
1620,0,0,1,0,0
1621,0,0,1,0,0
1623,1,0,0,0,0
1626,0,0,0,0,1
1629,0,1,1,0,0
1632,0,0,1,0,1
1633,0,0,0,1,0
1637,0,0,0,0,0
1642,1,0,0,0,1
1644,1,1,0,1,0
1645,0,0,1,0,0
1646,1,0,0,0,0
1647,1,0,0,0,1
1648,0,1,0,0,0
1655,0,0,1,0,1
1658,0,0,1,0,0
1659,0,0,0,1,0
1662,1,0,0,0,0
1663,0,0,1,1,0
1664,0,1,0,0,0
1665,1,1,1,0,0
1666,0,1,0,0,0
1670,0,0,1,0,0
1675,0,1,0,1,1
1676,1,0,0,1,1
1677,1,1,0,0,1
1678,0,0,0,0,0
1679,1,1,0,0,0
1683,0,0,1,1,0
1687,1,0,1,0,0
1688,0,0,0,0,0
1695,0,1,0,0,0
1696,1,0,0,1,0
1697,0,0,1,0,0
1700,0,1,0,0,0
1701,0,1,0,0,0
1702,0,0,0,0,0
1703,0,1,1,0,0
1705,1,1,0,1,0
1706,0,0,1,0,0
1708,0,0,0,0,1
1711,0,0,0,0,0
1714,1,1,0,0,1
1715,1,0,0,1,1
1718,0,1,0,0,0
1720,0,0,0,0,1
1721,0,0,0,1,1
1724,0,0,1,0,0
1725,0,0,1,0,0
1726,0,0,1,0,0
1729,0,0,0,0,0
1730,0,1,0,1,1
1733,0,0,0,0,0
1734,0,1,0,1,0
1739,0,1,0,0,0
1743,0,1,1,0,0
1747,0,0,0,1,0
1750,0,0,1,0,1
1752,0,0,0,0,0
1753,0,1,1,0,1
1754,0,0,0,1,1
1756,0,0,0,1,0
1757,1,0,0,0,0
1758,1,1,1,1,0
1763,0,1,1,0,0
1765,0,0,0,0,0
1767,0,0,0,0,0
1769,0,0,0,0,0
1772,0,1,1,0,1
1774,0,0,1,1,1
1775,1,0,1,0,0
1777,0,0,1,0,0
1779,1,0,0,0,0
1781,0,0,0,0,0
1782,0,1,0,0,0
1785,0,0,1,0,1
1788,0,1,0,1,0
1790,0,0,0,0,0
1793,0,0,0,0,0
1794,1,1,0,0,0
1795,1,1,0,1,1
1796,1,1,0,0,1
1798,1,1,0,1,0
1799,0,0,0,0,0
1800,1,0,0,1,1
1802,1,1,0,0,1
1803,0,0,0,1,1
1804,1,1,0,1,1
1806,0,0,1,0,0
1810,0,0,1,0,0
1811,0,0,1,1,0
1812,0,0,1,0,0
1813,1,1,0,0,1
1814,0,1,0,1,0
1815,1,1,1,0,1
1817,0,0,1,0,0
1820,0,0,0,0,0
1821,0,0,0,0,0
1822,1,0,1,0,0
1825,0,0,0,0,0
1826,0,0,0,0,1
1827,0,0,1,0,0
1829,0,1,0,1,1
1831,0,0,0,0,0
1833,1,1,0,0,1
1834,0,0,1,0,1
1836,0,0,1,1,0
1837,0,0,1,1,1
1840,0,0,1,1,1
1841,0,0,1,0,1
1842,1,0,0,1,0
1843,0,0,0,0,0
1845,0,0,1,0,1
1848,0,0,1,0,0
1849,0,0,1,0,0
1852,0,1,0,1,1
1856,1,1,0,1,0
1859,0,0,0,1,0
1860,1,0,0,0,1
1861,0,1,1,0,0
1863,0,0,0,0,0
1864,0,0,0,0,0
1866,1,1,0,1,1
1868,1,1,0,0,0
1870,1,1,0,0,0
1871,1,1,0,1,0
1874,0,0,1,0,0
1876,1,1,0,0,1
1883,1,0,0,1,1
1885,1,0,0,0,0
1888,0,0,0,0,1
1890,1,0,0,1,1
1892,0,0,0,0,0
1895,0,0,1,1,0
1897,0,0,0,0,0
1898,0,1,1,0,0
1899,1,0,0,0,0
1900,1,1,0,1,1
1901,1,1,0,0,1
1902,1,1,0,0,1
1903,0,0,1,0,0
1904,0,0,0,0,1
1905,0,1,0,0,0
1906,1,0,0,0,0
1912,1,0,0,0,1
1916,0,0,0,0,1
1918,0,0,1,0,0
1921,0,1,0,1,1
1923,1,0,1,1,1
1926,0,1,0,0,1
1927,0,1,0,0,1
1931,1,1,0,1,1
1933,0,0,1,0,0
1934,0,1,0,0,0
1935,0,1,0,1,1
1937,0,0,0,0,0
1942,0,0,1,0,0
1943,0,0,1,0,1
1944,0,0,0,1,0
1945,0,1,0,1,0
1948,0,0,1,0,0
1949,1,0,1,1,0
1952,0,0,0,0,0
1956,0,0,0,0,0
1959,0,1,0,1,1
1961,1,0,0,0,1
1963,0,0,0,0,0
1965,1,0,1,1,1
1966,0,1,0,0,1
1967,0,0,0,0,1
1968,0,1,1,1,1
1969,0,0,0,0,0
1971,1,0,0,0,0
1975,1,1,0,1,1
1976,1,1,0,1,1
1979,0,1,0,1,1
1980,0,0,1,0,0
1981,0,0,0,0,0
1982,0,0,0,0,0
1985,0,0,1,1,0
1986,1,1,0,0,1
1987,0,0,1,1,0
1988,0,0,0,0,0
1989,0,0,1,0,1
1990,0,0,0,0,0
1993,0,0,0,0,0
1995,0,0,1,0,1
2000,0,0,0,0,1
2001,0,0,0,0,0
2003,0,1,1,1,0
2004,0,0,0,1,0
2005,0,0,1,0,1
2006,0,1,0,1,0
2007,0,1,0,1,0
2008,1,0,0,1,1
2010,0,0,1,1,1
2011,0,1,0,0,1
2014,0,0,1,0,0
2015,0,0,1,0,0
2016,0,0,1,1,0
2028,0,0,0,0,0
2030,1,0,1,1,0
2038,1,0,0,1,1
2039,0,1,1,0,0
2044,0,1,0,0,0
2046,0,0,0,1,0
2048,0,0,0,1,0
2052,0,0,0,0,0
2053,1,0,0,0,0
2054,0,0,0,0,0
2055,1,1,0,0,1
2057,0,1,0,0,0
2058,0,0,0,0,1
2060,0,0,1,0,0
2063,0,0,0,1,0
2065,0,0,0,0,0
2066,1,1,0,1,1
2068,1,1,0,1,1
2070,1,1,0,1,1
2077,1,1,0,1,1
2078,0,1,0,1,0
2079,1,0,0,0,1
2081,0,0,0,0,0
2082,0,0,1,0,0
2086,0,1,0,0,0
2087,0,1,0,0,0
2090,0,0,1,0,0
2091,0,0,0,0,0
2092,0,0,1,0,0
2094,0,0,0,0,0
2095,0,1,0,1,1
2097,0,1,0,1,1
2098,0,0,1,0,1
2099,1,0,0,0,1
2100,1,0,0,0,1
2101,0,0,0,1,0
2104,0,0,0,0,0
2110,1,1,0,1,1
2112,0,1,0,0,0
2115,0,0,0,0,0
2117,0,0,0,0,0
2118,1,0,0,0,0
2120,1,0,0,1,0
2122,0,0,1,1,0
2123,0,0,1,0,0
2124,1,0,0,0,1
2126,0,0,1,0,0
2127,1,1,0,0,0
2130,0,0,0,1,1
2131,0,0,1,0,0
2134,0,0,0,0,1
2136,0,0,1,1,1
2137,0,0,0,0,0
2138,0,0,1,1,0
2141,0,0,1,0,1
2142,1,0,0,0,0
2144,0,0,0,0,1
2145,0,0,0,0,0
2146,0,0,1,0,1
2148,0,0,1,0,0
2149,0,0,1,0,0
2151,0,1,0,1,0
2154,1,0,1,0,0
2155,0,0,1,1,0
2158,1,0,1,1,1
2161,1,1,0,1,0
2164,0,0,1,0,0
2166,1,1,0,0,1
2167,0,0,1,0,0
2168,0,1,0,1,0
2173,0,0,1,1,0
2177,0,0,0,0,0
2179,0,1,0,1,1
2180,0,0,1,0,1
2181,1,0,0,0,1
2182,1,0,0,0,1
2186,0,0,0,1,0
2187,1,1,0,1,1
2189,1,1,0,0,0
2190,1,0,0,1,1
2192,0,0,0,1,0
2194,0,0,1,0,0
2195,0,1,0,1,0
2196,1,0,0,0,1
2197,0,0,0,0,0
2198,1,0,0,0,1
2199,1,0,1,0,1
2201,0,0,0,0,0
2203,1,0,0,0,1
2205,0,1,0,1,1
2210,0,0,0,0,0
2212,0,0,1,1,0
2213,0,0,1,0,0
2215,0,1,0,0,0
2223,1,0,0,1,1
2224,1,0,1,0,1
2226,0,0,0,1,0
2229,0,0,0,1,0
2230,0,0,1,0,0
2231,0,0,1,0,0
2232,0,0,0,0,1
2233,1,0,1,0,0
2234,0,1,0,0,0
2238,0,1,0,0,1
2239,0,0,0,0,0
2240,0,1,1,0,1
2247,0,1,0,0,0
2250,1,0,0,0,0
2253,0,0,0,0,1
2256,1,1,0,0,0
2257,1,1,0,0,0
2258,0,0,0,0,1
2259,0,0,0,0,0
2260,1,0,0,0,1
2261,0,0,1,0,1
2265,0,0,1,1,0
2270,0,0,0,1,0
2275,1,1,0,1,0
2276,0,0,0,0,1
2280,0,1,0,0,0
2281,1,1,0,0,0
2282,0,1,0,0,0
2283,0,0,0,0,0
2284,0,0,0,0,0
2286,0,0,0,0,0
2288,0,1,0,0,0
2290,0,0,0,1,0
2291,0,0,0,0,0
2296,0,0,1,0,0
2298,1,0,0,1,1
2299,0,0,0,0,0
2301,0,1,0,0,0
2303,0,0,0,0,1
2304,0,0,1,0,0
2306,1,1,0,1,1
2307,0,0,1,0,0
2315,0,1,0,1,1
2316,0,0,0,0,0
2320,0,0,1,0,0
2321,1,1,0,0,0
2322,1,1,0,0,0
2324,1,1,0,0,0
2325,1,0,1,0,0
2331,1,1,0,0,1
2333,0,0,1,0,0
2334,1,0,0,1,0
2335,0,1,0,1,0
2336,1,1,0,1,1
2340,0,0,1,0,1
2343,0,0,0,0,0
2344,1,1,0,1,0
2347,0,0,0,0,0
2348,0,1,0,1,0
2351,0,0,1,0,1
2355,1,1,0,0,0
2362,0,0,0,1,1
2367,0,0,1,0,1
2368,0,0,0,0,0
2369,1,1,0,0,0
2376,0,0,0,1,0
2378,0,0,0,1,1
2379,0,0,0,1,0
2380,1,1,0,0,0
2381,0,0,0,1,0
2382,0,0,1,0,1
2385,0,0,0,0,0
2386,1,1,0,0,1
2390,1,1,0,1,1
2391,1,0,0,0,1
2392,1,1,0,0,0
2393,0,0,0,0,1
2395,0,0,1,0,1
2396,1,1,0,0,0
2397,0,0,1,1,0
2399,0,0,0,0,0
2402,0,0,1,0,1
2403,0,1,0,1,0
2404,0,0,1,0,0
2406,0,0,1,0,0
2407,1,0,0,0,1
2408,0,0,1,1,0
2410,0,0,0,0,0
2411,0,0,1,1,0
2414,0,1,0,1,0
2421,1,1,0,1,0
2425,0,0,0,0,0
2427,0,0,0,1,0
2430,1,1,0,1,0
2431,0,0,1,0,0
2432,1,1,0,1,0
2433,0,0,0,1,0
2434,0,1,0,0,0
2436,1,0,0,0,0
2445,0,0,0,0,1
2446,0,0,0,0,1
2448,0,1,0,0,0
2449,0,0,0,0,0
2450,0,0,0,1,0
2451,0,0,1,0,0
2453,1,1,0,1,1
2454,0,1,0,0,1
2455,0,0,1,1,0
2456,0,0,0,1,0
2460,0,0,0,0,1
2461,1,1,0,0,1
2464,1,0,0,0,1
2466,1,0,1,1,1
2467,1,0,0,1,0
2469,1,0,0,0,0
2470,0,0,1,0,0
2471,0,1,0,0,0
2472,0,0,0,1,0
2475,0,0,1,0,0
2476,1,1,0,0,1
2483,1,0,0,1,0
2484,1,1,0,0,0
2487,0,0,1,0,0
2492,0,0,1,0,1
2495,1,1,0,1,1
2496,0,0,0,1,0
2497,1,1,0,1,1
2498,0,1,0,1,1
2502,0,0,1,0,0
2503,0,0,0,0,0
2504,1,1,0,1,1
2506,0,0,1,0,0
2512,1,1,1,1,1
2516,0,0,1,0,0
2521,0,1,1,0,0
2523,0,0,1,0,0
2527,0,1,0,0,0
2528,0,0,1,0,0
2530,1,0,1,0,1
2531,0,0,0,0,1
2534,0,1,0,0,0
2535,1,0,0,1,1
2536,0,0,1,0,0
2538,1,0,0,1,1
2539,0,0,0,0,0
2542,0,0,0,0,0
2544,0,0,0,0,0
2552,0,0,1,0,0
2555,0,1,0,1,1
2557,0,1,0,0,1
2559,0,0,1,0,0
2560,1,0,0,0,0
2561,0,0,0,0,0
2562,0,0,0,0,1
2564,0,1,0,0,0
2565,1,0,0,1,1
2569,0,1,0,0,0
2572,0,0,0,1,0
2574,0,0,1,0,0
2575,0,0,0,0,0
2577,1,1,0,1,1
2578,0,0,0,0,0
2579,1,1,0,0,0
2580,1,1,0,0,0
2583,0,1,1,0,0
2584,1,0,1,1,1
2586,1,0,0,0,1
2587,0,0,0,0,0
2589,0,1,0,0,0
2590,1,1,0,0,1
2591,0,0,1,0,1
2594,0,0,0,0,0
2596,0,0,0,0,0
2597,0,0,1,0,0
2598,0,0,1,0,0
2600,0,0,1,0,0
2601,1,0,1,0,0
2602,1,0,1,0,0
2603,0,0,0,1,1
2604,1,0,0,1,0
2605,0,0,1,0,0
2608,0,1,0,1,1
2611,0,0,0,0,0
2612,1,1,0,1,1
2614,0,1,1,0,0
2620,1,0,0,0,1
2621,0,0,0,0,0
2623,0,0,0,0,0
2626,0,1,0,1,0
2627,0,0,0,0,0
2628,0,0,0,0,0
2629,0,1,0,0,0
2632,0,0,1,1,0
2633,0,0,0,0,0
2637,0,0,0,1,0
2639,0,0,0,0,0
2640,0,0,1,1,0
2641,0,0,1,0,0
2642,1,1,0,1,1
2643,0,0,0,0,1
2645,1,1,0,0,0
2647,1,1,0,0,0
2649,0,0,1,0,0
2653,0,0,1,0,0
2656,0,1,1,0,0
2657,0,0,0,0,1
2660,0,0,1,1,0
2661,0,0,0,0,0
2663,1,0,0,0,1
2667,0,0,0,0,0
2668,0,1,1,1,0
2670,0,1,0,1,0
2673,0,0,0,1,1
2675,0,0,1,0,0
2676,0,0,0,0,0
2680,1,0,0,0,1
2681,0,0,0,0,1
2682,0,0,0,0,0
2683,0,0,0,0,0
2684,0,1,0,1,1
2685,0,0,0,0,0
2687,0,0,0,0,0
2690,0,0,1,0,0
2692,0,0,0,0,1
2694,0,0,0,0,0
2696,1,0,0,0,1
2698,0,0,0,0,0
2700,0,1,0,1,1
2701,0,0,1,0,1
2703,0,0,1,0,0
2704,0,0,1,0,0
2705,0,1,1,0,0
2707,1,1,0,0,0
2709,0,0,1,1,1
2711,0,0,1,0,1
2715,0,0,0,0,0
2717,1,1,1,0,1
2724,1,1,0,1,1
2725,0,0,1,0,0
2727,0,0,0,0,1
2729,0,0,1,0,0
2731,0,0,1,0,0
2732,0,1,0,1,0
2733,0,0,0,0,0
2735,0,0,1,0,0
2738,0,0,1,0,0
2739,0,1,0,0,1
2741,0,0,0,0,0
2748,0,0,0,0,0
2749,0,1,0,0,0
2750,0,0,0,0,0
2751,0,0,1,1,0
2752,0,0,0,1,1
2755,1,1,0,0,1
2756,1,1,0,0,1
2757,1,0,0,0,0
2760,0,0,1,0,0
2761,1,0,0,1,1
2763,0,1,1,0,0
2764,1,1,1,1,0
2765,0,1,0,0,0
2766,0,0,0,0,0
2769,0,0,1,1,1
2770,0,1,0,1,1
2771,0,0,0,0,1
2773,0,0,0,0,0
2776,0,1,0,1,1
2777,0,0,0,1,1
2778,0,0,1,0,0
2779,1,0,0,0,1
2782,0,0,1,1,1
2783,1,0,0,1,1
2784,1,0,0,1,0
2786,0,0,0,0,0
2787,0,1,0,1,1
2788,0,1,0,0,0
2789,0,0,0,0,0
2790,1,1,0,1,1
2792,0,1,0,0,1
2793,0,0,1,0,0
2794,0,1,0,0,0
2795,0,0,0,0,1
2797,0,0,0,1,0
2798,0,0,0,0,0
2802,0,0,0,0,0
2805,0,0,1,0,0
2806,0,1,0,0,0
2812,0,0,0,0,0
2814,0,0,1,1,0
2816,0,1,0,0,1
2818,0,1,1,0,0
2819,0,0,1,0,1
2820,1,1,0,1,1
2821,1,1,0,1,1
2822,1,1,0,0,1
2826,1,0,1,0,1
2828,0,1,0,1,0
2829,0,0,0,1,0
2830,1,0,1,0,0
2834,0,1,0,0,1
2838,0,1,1,0,0
2841,0,1,0,0,0
2842,0,0,1,0,1
2843,0,1,0,0,0
2844,1,0,0,0,0
2845,0,0,1,1,0
2846,1,1,0,0,0
2851,0,0,1,0,0
2854,0,1,0,1,0
2855,0,1,0,0,0
2857,1,1,0,0,1
2860,0,1,0,1,1
2861,0,0,0,1,0
2863,1,1,0,1,0
2864,0,1,0,0,1
2866,1,0,0,0,0
2868,0,1,0,1,0
2870,0,0,0,1,0
2872,0,0,0,0,1
2873,0,0,0,1,0
2874,1,0,0,1,0
2882,0,0,1,0,0
2883,0,1,0,0,1
2885,1,1,0,1,1
2886,1,0,0,0,1
2887,1,0,0,1,1
2888,0,0,0,0,0
2889,0,0,0,0,1
2890,1,1,0,1,1
2892,0,0,0,0,0
2895,0,0,0,0,0
2898,0,0,1,1,0
2899,1,0,0,0,0
2900,1,0,1,0,1
2901,0,0,0,0,0
2903,1,0,1,0,1
2905,1,0,0,0,1
2907,1,1,0,1,1
2908,0,0,1,0,0
2913,1,1,0,0,0
2916,0,1,0,0,1
2919,1,0,1,1,1
2920,0,1,0,0,0
2921,1,0,1,1,1
2923,1,0,0,0,1
2927,0,0,0,1,0
2929,1,1,0,0,1
2930,1,0,0,0,1
2932,0,0,0,0,0
2934,0,0,0,0,0
2938,0,1,0,0,0
2939,0,0,1,0,0
2940,1,0,0,1,1
2942,1,0,0,0,0
2944,0,1,0,0,0
2945,1,0,0,0,0
2947,1,1,0,1,0
2948,0,0,0,0,0
2949,0,0,0,0,0
2951,0,1,1,1,0
2952,1,0,0,0,0
2954,1,1,0,1,1
2955,0,0,1,0,0
2962,0,0,1,0,0
2963,0,0,1,1,0
2967,0,0,1,0,0
2968,0,0,1,0,0
2969,0,0,0,1,1
2970,1,1,1,1,0
2971,1,1,0,1,1
2972,0,0,1,0,0
2973,0,1,0,0,0
2975,0,0,1,0,1
2976,0,0,0,0,0
2978,1,0,0,0,0
2980,1,1,0,1,1
2981,0,0,1,0,0
2982,0,0,1,0,0
2983,0,1,1,0,0
2985,1,0,1,0,1
2989,0,1,0,1,0
2990,0,0,0,0,0
2991,1,1,1,1,1
2994,0,1,1,1,1
2996,1,0,0,0,1
2997,1,1,1,1,0
3001,0,0,1,0,0
3002,0,0,1,0,0
3006,1,1,0,0,0
3011,0,1,0,1,0
3014,1,1,0,0,0
3016,0,1,0,1,1
3020,0,1,0,0,1
3021,0,0,1,0,1
3022,0,1,1,1,0
3023,1,0,0,1,1
3025,0,1,0,0,0
3027,0,0,0,0,1
3028,0,1,0,0,0
3029,1,0,0,0,1
3030,1,1,0,1,0
3032,0,0,1,0,0
3033,0,1,0,0,1
3034,1,0,0,0,1
3035,1,0,0,0,1
3036,0,0,1,0,0
3039,1,1,0,0,1
3040,0,1,1,0,0
3042,0,0,1,0,1
3043,1,0,0,1,1
3049,0,0,0,0,0
3050,0,0,0,1,0
3053,0,0,1,0,0
3054,0,1,0,0,0
3061,0,1,0,0,1
3064,1,0,0,0,1
3065,0,1,0,0,0
3066,1,0,0,0,0
3069,0,0,1,0,0
3070,1,1,0,1,0
3071,1,1,0,0,0
3073,1,1,1,0,0
3075,1,1,0,0,0
3076,0,0,0,0,1
3077,0,0,1,0,0
3078,0,1,0,0,0
3080,0,1,1,0,1
3081,0,0,1,0,0
3082,0,0,0,0,0
3084,0,0,1,0,0
3085,0,0,0,0,0
3086,0,0,1,0,0
3087,0,0,0,1,1
3088,1,0,0,0,0
3090,0,1,1,0,0
3091,0,0,1,0,1
3094,0,0,1,1,0
3097,0,0,0,0,1
3098,0,1,0,0,0
3099,0,0,1,0,0
3100,0,0,1,0,0
3102,1,1,0,1,1
3104,0,0,0,0,0
3106,1,1,0,1,0
3107,0,1,0,0,0
3109,0,0,1,0,0
3111,0,1,0,1,0
3117,0,0,1,0,1
3118,0,0,0,0,0
3121,0,1,0,0,0
3124,0,0,1,1,0
3132,1,0,1,0,1
3133,0,0,1,0,0
3134,1,1,0,1,1
3135,0,0,1,0,0
3137,0,0,0,0,0
3139,1,0,0,0,1
3141,0,0,1,0,0
3142,0,1,0,0,1
3143,1,1,0,0,0
3145,1,1,0,0,1
3146,0,1,0,1,1
3149,1,0,0,1,0
3152,1,0,0,0,0
3153,0,1,0,1,1
3154,0,0,1,1,0
3157,0,0,0,1,1
3158,0,0,0,0,1
3160,1,1,0,0,0
3161,0,0,1,1,0
3162,1,0,1,1,0
3163,0,0,1,0,0
3164,1,1,0,1,1
3166,0,1,0,1,0
3167,0,0,1,0,0
3169,1,1,0,0,1
3170,0,0,1,1,0
3172,1,1,0,0,1
3176,1,0,0,0,0
3178,0,0,1,1,0
3179,0,0,0,0,0
3181,1,0,1,0,1
3183,1,1,0,1,0
3184,0,0,1,0,0
3187,1,1,0,1,0
3192,1,1,1,0,0
3194,0,0,0,1,1
3196,1,1,0,1,0
3197,1,1,0,1,0
3201,0,0,0,0,0
3204,0,1,0,0,0
3207,1,1,0,1,0
3208,0,1,1,0,0
3209,0,0,1,1,0
3210,0,1,0,0,1
3215,0,1,0,0,1
3216,0,0,1,1,0
3218,0,1,0,0,0
3220,1,1,0,0,1
3223,1,1,0,1,0
3224,0,1,0,0,0
3227,0,0,1,0,0
3229,1,1,0,1,1
3230,0,0,1,0,0
3231,1,1,0,1,1
3232,0,0,1,0,0
3234,0,0,0,0,0
3235,1,0,0,1,1
3236,0,0,1,1,1
3238,1,1,0,0,1
3239,1,1,0,0,1
3240,0,1,0,1,1
3245,1,0,1,0,1
3246,0,0,1,0,0
3249,0,1,1,0,1
3252,0,1,0,0,1
3253,0,0,1,1,0
3254,0,0,1,0,0
3258,1,0,0,1,0
3260,0,0,1,0,1
3264,0,0,1,0,1
3265,0,0,1,0,0
3266,0,0,1,0,0
3269,0,0,1,0,0
3271,0,0,0,0,1
3272,0,1,0,0,1
3273,0,1,0,0,1
3274,0,0,0,0,0
3276,0,0,0,0,0
3278,0,0,0,1,0
3281,1,1,1,1,0
3282,0,0,1,1,0
3283,1,0,0,0,0
3284,1,1,0,0,1
3285,1,1,0,0,1
3287,1,1,0,1,1
3288,0,1,0,1,0
3289,1,0,0,0,1
3291,0,0,1,1,1
3292,0,0,0,0,0
3293,0,0,0,0,0
3295,0,1,0,0,0
3296,0,0,0,0,1
3302,0,0,0,0,0
3303,0,0,0,0,0
3304,0,0,0,0,0
3305,0,0,1,1,0
3307,1,0,1,0,0
3308,0,1,0,0,0
3309,1,0,1,0,1
3311,1,0,0,1,1
3312,1,0,0,1,1
3313,0,0,1,0,1
3314,0,0,0,1,0
3315,1,1,0,1,1
3316,1,1,0,0,0
3318,1,1,1,0,1
3319,0,0,1,0,0
3320,0,0,0,0,0
3325,0,0,0,0,0
3326,0,0,1,0,0
3329,1,0,0,0,0
3330,0,1,0,0,0
3332,0,0,1,0,0
3334,1,1,0,0,0
3336,0,0,1,0,0
3337,0,0,0,0,0
3339,1,0,1,0,1
3340,0,0,1,0,1
3341,0,1,0,1,1
3344,0,0,0,0,0
3345,0,0,1,0,1
3347,0,0,1,0,0
3349,0,1,0,1,0
3350,0,0,0,0,0
3353,1,1,0,0,1
3354,1,0,0,0,0
3355,1,1,0,0,0
3356,0,1,0,0,0
3359,0,0,0,0,1
3360,0,0,1,1,0
3361,0,1,0,1,0
3362,0,0,1,0,0
3364,0,0,0,0,0
3365,0,0,0,0,0
3366,0,0,1,1,1
3367,0,0,1,0,0
3369,0,0,0,0,0
3373,1,0,0,0,0
3374,0,0,1,0,0
3375,1,0,0,1,1
3378,0,0,1,0,0
3379,0,0,0,0,0
3384,1,0,0,0,0
3387,0,0,0,1,1
3388,0,0,1,0,1
3390,1,0,0,0,1
3391,0,0,0,0,1
3393,1,1,0,0,1
3396,0,0,0,1,1
3397,0,1,0,0,1
3398,0,0,0,0,0
3403,0,1,0,1,0
3405,0,1,0,0,1
3409,0,1,1,1,0
3413,0,1,0,1,0
3414,1,0,0,1,0
3416,1,1,0,0,0
3418,0,0,1,0,0
3420,0,0,0,1,0
3422,0,0,1,0,0
3423,0,0,0,1,1
3424,1,1,1,1,1
3425,1,1,0,1,1
3426,0,1,0,1,1
3427,1,1,0,0,1
3429,1,0,0,0,1
3432,0,0,1,0,0
3434,0,1,0,1,0
3436,0,0,1,0,0
3439,0,0,0,1,0
3441,0,0,1,0,0
3444,0,0,0,0,0
3447,0,0,0,0,0
3450,1,0,1,0,0
3452,0,0,0,1,0
3454,0,1,0,1,0
3455,0,0,1,0,0
3456,0,0,0,0,0
3457,0,0,0,0,1
3460,0,1,0,0,0
3461,0,0,1,0,0
3462,1,0,1,0,0
3464,0,1,0,1,1
3466,0,0,1,1,1
3468,0,0,1,0,0
3471,0,0,1,0,1
3472,0,1,0,1,0
3473,0,0,0,0,0
3476,0,0,0,0,0
3479,0,0,0,0,0
3484,0,0,0,0,0
3486,0,0,0,0,0
3487,0,1,0,1,0
3488,0,0,1,0,0
3493,0,1,0,1,1
3496,1,1,0,1,1
3497,1,1,0,1,1
3506,0,0,0,0,0
3507,0,0,0,1,0
3508,0,0,0,0,0
3510,1,0,0,0,1
3511,1,0,0,0,1
3513,0,0,1,1,1
3515,0,1,1,0,1
3517,0,0,0,1,0
3518,0,1,0,1,1
3519,1,1,0,0,1
3521,1,0,1,0,0
3522,1,0,0,1,1
3524,0,0,1,0,0
3527,0,1,1,0,0
3529,0,0,1,0,0
3532,0,0,1,1,0
3537,1,0,0,1,1
3539,0,1,0,1,0
3543,0,0,1,0,0
3546,0,0,0,0,1
3547,0,0,0,0,1
3548,0,0,0,1,1
3550,1,0,0,1,1
3551,1,1,0,0,1
3553,0,0,0,0,1
3554,0,0,0,0,0
3557,1,1,0,0,0
3561,0,0,0,1,0
3562,0,0,0,0,1
3563,0,0,0,0,0
3564,0,0,0,1,0
3565,0,0,1,0,0
3571,1,0,0,0,0
3573,0,1,0,0,0
3574,0,0,1,0,0
3576,1,1,0,1,1
3580,0,0,0,0,0
3581,0,1,0,0,0
3582,0,0,0,0,0
3583,0,0,1,0,0
3587,0,0,1,0,0
3588,0,1,0,1,1
3589,0,0,0,1,0
3590,1,1,0,1,0
3591,0,0,0,1,0
3593,1,1,0,0,0
3594,0,1,0,1,0
3595,1,1,0,1,0
3596,0,0,1,1,0
3597,0,1,0,0,1
3598,0,1,0,1,1
3601,0,0,1,0,0
3603,0,0,0,0,0
3605,0,0,1,0,0
3606,0,0,1,1,0
3607,1,1,0,0,1
3615,0,1,1,1,0
3616,0,1,0,0,1
3617,0,0,1,1,0
3619,1,0,1,0,1
3621,0,0,1,0,0
3623,0,0,1,0,1
3624,0,0,0,1,1
3626,0,0,1,1,1
3629,0,1,1,0,0
3634,0,0,0,1,0
3635,1,0,0,0,1
3638,0,0,0,0,1
3639,0,0,0,0,0
3640,0,1,0,0,1
3641,1,0,1,1,0
3642,0,0,0,0,0
3645,0,0,0,0,0
3646,1,1,0,0,0
3647,1,1,0,0,0
3648,1,0,0,1,1
3649,0,0,1,1,0
3650,0,1,0,0,1
3651,1,1,1,1,1
3653,1,1,0,1,1
3655,1,1,0,0,1
3657,1,1,0,1,1
3667,1,0,0,0,1
3669,0,0,0,0,1
3672,0,0,1,0,0
3674,0,0,1,0,0
3678,0,1,0,1,0
3679,1,0,0,0,0
3682,0,1,0,1,0
3683,0,1,0,0,0
3684,1,1,0,1,1
3685,0,0,1,0,1
3687,0,1,0,1,1
3689,0,0,0,0,0
3690,1,0,0,0,0
3691,0,1,0,1,1
3694,0,1,0,1,1
3695,0,0,0,1,1
3696,0,1,0,1,1
3698,0,1,0,0,1
3699,0,1,0,0,0
3700,0,0,0,0,0
3707,0,0,1,0,0
3708,0,0,0,0,1
3709,1,1,0,1,1
3710,0,0,1,0,1
3716,0,0,0,0,1
3717,1,1,0,1,0
3718,0,0,1,0,0
3720,1,0,1,0,1
3723,0,0,1,0,0
3727,0,0,1,1,0
3729,0,1,0,0,0
3730,1,0,0,1,0
3731,0,1,0,0,0
3732,1,1,0,0,1
3733,0,0,0,1,1
3736,1,1,0,0,0
3737,0,0,0,1,1
3738,1,0,0,0,0
3739,0,0,1,0,1
3741,0,0,0,0,0
3742,0,1,1,1,0
3744,0,0,1,0,0
3745,0,1,0,0,0
3750,0,0,1,0,0
3751,1,0,0,0,0
3753,0,0,1,0,0
3754,0,0,1,0,0
3755,0,1,0,0,0
3757,1,1,0,1,0
3758,0,1,0,0,1
3760,1,0,1,0,1
3765,1,0,1,0,0
3766,0,1,0,1,0
3768,0,0,0,0,0
3773,0,0,0,0,0
3774,0,0,1,1,0
3775,0,1,0,0,0
3776,1,1,1,1,0
3777,0,1,0,1,0
3778,1,0,0,0,0
3780,1,1,0,0,0
3781,1,1,0,0,1
3783,0,1,0,0,1
3785,0,0,0,1,1
3786,0,1,1,1,1
3789,0,0,0,0,0
3790,0,0,1,0,0
3792,0,0,1,0,0
3793,1,0,0,0,1
3794,0,1,1,1,0
3797,0,1,0,0,0
3799,1,0,0,0,0
3804,0,0,0,0,1
3805,0,0,0,0,1
3806,0,0,0,0,0
3808,0,0,0,1,0
3809,1,1,0,1,0
3810,0,0,0,0,1
3812,0,1,0,1,0
3815,1,1,0,1,1
3817,1,1,0,0,0
3820,0,0,1,0,0
3821,0,0,0,0,0
3824,1,0,0,0,1
3827,0,0,1,0,0
3832,0,0,0,0,0
3835,0,0,0,1,0
3836,0,1,0,1,1
3840,1,1,0,1,1
3842,0,1,1,1,0
3847,1,1,0,1,1
3848,0,1,0,0,1
3851,1,1,0,0,1
3854,0,0,1,0,1
3855,0,1,1,0,1
3856,0,1,0,1,1
3858,0,0,1,0,0
3859,0,1,0,0,0
3861,0,0,1,0,0
3865,0,1,0,1,0
3866,0,0,0,0,1
3869,1,0,0,0,1
3871,1,1,0,0,1
3873,0,1,0,1,1
3874,1,1,0,1,1
3875,0,1,0,1,0
3877,0,1,0,0,1
3878,1,1,0,0,1
3880,1,1,0,1,1
3883,0,0,0,0,0
3891,0,0,1,0,0
3892,1,1,0,1,0
3893,0,1,0,1,0
3895,1,1,0,0,1
3896,0,1,0,1,1
3898,1,0,0,1,1
3900,1,1,0,0,0
3901,1,1,0,1,1
3904,1,0,0,0,1
3906,1,1,0,1,0
3908,1,1,0,1,1
3911,0,0,1,0,0
3912,0,1,1,1,0
3913,1,0,0,0,0
3914,0,0,1,1,1
3915,0,0,0,0,1
3916,1,0,0,1,1
3919,0,0,0,0,1
3920,0,0,1,0,0
3922,0,1,0,1,0
3927,0,1,0,1,0
3928,0,0,0,0,0
3930,0,0,1,0,1
3931,0,0,0,1,0
3937,0,0,1,1,0
3938,0,1,0,1,0
3939,1,1,0,0,1
3940,0,1,0,0,0
3947,0,0,0,0,0
3948,0,0,1,0,0
3950,0,0,0,0,0
3953,0,1,1,0,1
3954,1,1,0,0,0
3955,0,0,0,0,0
3956,0,1,0,1,0
3957,0,0,0,0,0
3958,0,1,0,1,0
3959,0,1,0,0,1
3960,0,1,0,1,1
3961,0,0,0,0,0
3962,1,0,0,0,0
3963,0,0,1,0,0
3964,0,0,0,1,0
3966,0,0,0,0,0
3970,0,0,0,0,0
3971,0,1,0,1,1
3975,0,0,0,0,0
3977,0,1,0,1,0
3978,0,0,1,1,0
3980,0,0,1,0,0
3981,1,1,0,1,1
3982,1,1,0,0,1
3984,0,0,0,0,0
3989,0,0,1,0,0
3990,0,0,1,0,0
3991,0,0,1,0,0
3993,1,0,0,1,1
3996,0,1,0,0,0
3998,1,1,0,1,1
4000,0,0,0,0,0
4003,0,1,0,0,0
4005,0,0,0,0,0
4008,0,0,1,0,0
4009,0,0,0,0,0
4013,0,0,0,1,1
4015,0,0,1,0,0
4017,0,0,1,0,0
4019,0,0,1,0,0
4020,0,0,0,0,1
4021,0,0,0,0,0
4025,1,0,0,0,0
4026,0,1,0,1,1
4028,0,1,0,0,0
4030,1,0,1,0,1
4038,0,0,1,1,0
4042,1,0,0,0,0
4044,0,0,1,1,0
4048,0,0,0,1,0
4049,0,0,1,0,1
4052,0,0,0,1,1
4054,1,0,0,0,0
4059,1,0,0,0,0
4062,0,0,1,0,0
4063,1,1,0,0,0
4064,0,0,1,0,1
4065,0,0,1,0,0
4067,0,0,1,0,0
4070,1,0,0,1,0
4072,0,0,1,0,1
4074,0,1,1,0,0
4076,0,0,0,0,1
4077,1,0,0,0,1
4078,0,0,1,0,1
4079,0,1,0,0,1
4082,0,1,0,0,0
4084,0,0,1,0,0
4085,0,0,0,0,0
4086,0,0,1,0,0
4087,0,1,0,1,1
4088,0,0,1,1,1
4089,0,0,0,0,1
4092,1,1,0,0,0
4093,1,1,0,0,1
4095,0,0,0,0,1
4096,0,1,0,0,0
4097,1,1,0,1,1
4098,0,1,0,0,1
4099,0,0,0,0,0
4101,1,1,0,1,1
4104,0,1,0,1,0
4105,1,1,0,1,0
4106,0,1,0,1,0
4109,0,1,1,1,0
4110,0,0,0,1,1
4111,0,0,1,1,0
4112,1,0,0,0,0
4113,0,1,0,0,0
4115,0,0,0,0,0
4116,0,1,0,0,0
4120,0,1,0,1,0
4121,0,1,0,0,0
4122,0,0,0,1,0
4124,1,1,0,0,1
4125,1,0,0,0,0
4127,1,0,0,0,0
4128,1,1,0,0,1
4129,1,0,0,0,0
4130,0,0,1,0,1
4132,0,1,0,1,1
4133,0,0,1,0,0
4134,0,0,1,0,0
4136,1,1,0,1,0
4137,0,0,0,1,1
4142,0,0,0,0,0
4152,1,1,0,1,1
4158,0,1,0,0,0
4159,0,0,1,0,0
4163,1,1,1,1,1
4168,0,0,0,1,0
4169,1,1,0,1,0
4171,1,1,0,0,1
4173,1,0,0,1,0
4174,0,0,0,0,0
4175,0,0,0,0,0
4177,0,1,0,1,1
4179,1,0,0,0,0
4185,0,0,0,0,1
4186,1,1,0,1,1
4187,0,1,0,0,1
4188,0,0,1,0,1
4189,0,1,1,1,0
4190,1,1,0,0,0
4192,0,0,0,1,0
4195,0,1,1,0,0
4196,0,0,1,0,1
4197,0,0,0,1,0
4198,0,0,1,1,0
4201,0,0,1,0,0
4205,1,0,0,0,1
4207,1,0,1,1,1
4210,1,1,0,1,1
4211,0,0,0,0,0
4214,0,0,0,0,0
4215,0,0,0,0,0
4217,1,0,0,0,0
4224,1,1,0,1,1
4225,0,0,1,1,0
4226,0,0,1,1,1
4227,0,0,0,0,0
4229,0,0,1,0,0
4230,1,0,0,0,1
4231,0,0,0,0,0
4232,0,0,0,0,0
4233,0,0,1,0,0
4234,0,1,0,0,1
4237,0,0,1,0,0
4238,0,1,0,0,0
4239,0,1,0,0,0
4241,0,0,0,0,0
4242,0,0,1,0,0
4243,0,0,1,0,0
4246,0,0,1,0,0
4247,0,0,1,0,0
4250,0,1,1,0,0
4251,0,0,0,0,0
4252,1,0,0,0,1
4254,0,1,1,0,1
4255,0,0,1,1,0
4258,0,1,0,1,0
4260,1,1,0,0,0
4261,0,1,0,0,0
4262,0,1,1,0,0
4265,1,0,0,0,1
4266,0,0,1,0,0
4267,0,1,0,0,0
4268,0,0,1,0,0
4269,1,1,0,0,0
4270,1,0,0,1,1
4271,1,1,0,1,0
4275,0,0,0,1,1
4276,0,0,0,0,0
4280,1,1,0,1,1
4281,1,0,0,0,0
4282,0,1,0,1,1
4284,0,0,0,0,0
4285,0,0,1,1,0
4286,0,1,0,0,0
4287,1,1,0,0,0
4289,0,0,1,1,0
4290,1,1,0,1,1
4292,0,0,1,0,1
4294,1,1,0,1,0
4297,0,0,0,0,0
4299,1,0,0,1,0
4300,1,1,0,1,1
4301,0,0,0,1,0
4302,0,0,0,0,0
4304,0,0,1,1,0
4306,1,0,1,0,1
4307,0,1,0,1,1
4309,0,0,0,0,0
4311,0,0,1,0,1
4312,1,1,0,1,0
4313,0,0,0,1,0
4317,0,1,0,1,1
4319,1,1,0,0,1
4325,0,1,1,1,0
4326,1,0,0,0,0
4328,0,0,1,0,0
4330,0,1,0,1,1
4333,1,1,0,1,1
4335,1,1,0,1,1
4338,1,0,0,0,0
4342,0,0,1,0,0
4343,1,1,0,0,0
4344,0,0,1,0,0
4345,1,0,1,0,0
4348,0,0,1,0,1
4349,0,1,0,0,0
4350,0,0,0,1,1
4351,0,1,0,1,0
4353,0,0,1,0,0
4354,0,1,0,0,1
4355,1,1,0,0,1
4356,0,0,0,0,0
4359,0,0,0,0,0
4361,0,0,0,0,0
4362,1,1,0,0,0
4364,0,0,1,0,0
4367,0,1,0,0,0
4370,0,0,0,0,0
4372,0,0,1,1,0
4373,0,1,0,0,0
4374,0,0,0,0,0
4376,0,0,1,0,0
4379,0,0,1,0,0
4380,0,1,1,1,1
4382,0,0,1,0,0
4384,0,0,0,1,0
4386,0,0,1,0,0
4389,0,0,0,0,1
4391,1,0,1,0,1
4392,0,0,1,0,0
4394,0,0,0,1,0
4395,0,0,1,0,0
4398,0,0,1,0,1
4400,1,1,0,1,1
4401,1,1,0,0,1
4402,1,0,1,1,0
4403,0,1,0,1,0
4404,0,0,0,1,0
4406,1,1,0,0,1
4408,0,1,0,1,1
4409,0,0,1,0,0
4410,0,0,1,1,1
4413,0,1,0,1,0
4415,0,0,1,0,0
4416,1,1,0,1,0
4417,0,0,0,1,0
4418,0,1,1,0,0
4419,0,1,0,0,0
4422,0,1,1,1,1
4423,1,0,0,0,0
4427,0,0,0,0,1
4428,0,1,0,0,1
4430,1,0,1,0,1
4431,1,1,0,1,0
4433,1,0,1,1,1
4434,1,0,0,0,1
4436,0,0,1,0,0
4443,1,0,1,0,0
4445,0,0,1,0,0
4448,0,0,0,1,0
4452,0,0,1,0,0
4453,1,0,1,1,1
4455,0,1,0,1,1
4459,0,0,0,0,1
4460,0,0,1,1,0
4461,0,1,0,0,1
4465,0,0,0,1,0
4466,1,0,0,0,0
4469,1,0,0,0,1
4470,1,0,0,1,1
4471,1,1,0,0,1
4473,1,0,0,0,1
4474,0,0,0,0,0
4475,1,0,0,1,1
4476,0,0,0,0,0
4479,0,0,1,0,1
4480,0,0,1,0,0
4481,0,0,0,0,0
4484,0,0,0,0,0
4485,0,0,1,1,0
4489,1,1,0,1,1
4490,0,0,1,0,0
4494,1,1,0,0,1
4496,1,0,0,0,0
4497,1,0,0,0,0
4499,0,1,1,1,0
4501,0,0,1,0,1
4503,0,0,0,1,1
4504,0,1,0,0,0
4505,1,1,1,1,1
4506,0,0,1,0,0
4507,1,0,1,0,1
4508,0,0,1,1,0
4512,0,0,0,0,0
4514,1,1,0,0,0
4516,1,0,0,1,1
4518,0,0,1,0,0
4519,0,0,1,0,0
4520,0,0,1,0,0
4521,0,0,0,1,0
4523,0,1,0,1,0
4524,0,0,0,0,0
4528,0,1,0,0,0
4529,0,1,0,1,1
4530,0,0,1,0,0
4531,0,1,0,1,1
4533,0,0,1,0,0
4534,0,1,0,1,0
4535,1,0,0,0,1
4536,0,0,0,1,1
4537,0,0,0,1,1
4539,0,0,0,0,0
4541,1,1,0,1,1
4543,0,1,1,0,0
4545,0,0,1,0,0
4547,0,0,0,1,0
4550,0,1,0,0,0
4558,1,0,0,0,0
4562,0,0,0,0,0
4570,0,1,0,1,1
4572,0,0,1,1,0
4584,1,1,0,1,1
4586,0,0,0,0,0
4587,0,1,0,1,0
4588,0,1,0,1,0
4590,0,1,0,0,0
4591,0,0,0,0,0
4592,0,0,1,0,0
4598,0,0,0,1,1
4600,0,0,0,0,1
4605,0,0,0,0,1
4606,0,0,1,0,1
4607,0,0,1,1,0
4608,0,0,1,0,1
4611,1,0,1,0,1
4612,1,0,0,0,0
4613,1,1,0,0,0
4617,1,0,1,0,0
4618,1,0,0,1,1
4620,1,0,0,0,1
4622,0,0,1,0,0
4623,0,0,1,0,1
4624,1,1,0,0,0
4628,1,0,0,0,0
4629,0,0,0,0,0
4633,0,0,1,0,0
4636,0,0,0,0,0
4637,0,1,0,0,0
4641,0,0,0,0,0
4642,1,1,1,0,0
4645,0,1,1,0,0
4648,0,0,0,0,0
4650,1,1,0,1,1
4652,0,0,1,0,0
4653,0,0,1,1,0
4656,0,0,1,0,0
4658,0,1,0,1,1
4659,0,1,1,1,0
4661,0,1,1,0,1
4662,0,0,0,1,0
4667,1,1,0,0,1
4668,0,0,1,0,0
4671,1,0,1,0,1
4674,1,0,0,0,0
4678,1,0,0,1,1
4680,1,1,0,0,1
4683,0,0,1,0,0
4684,0,0,0,1,1
4689,0,1,0,1,0
4690,1,1,0,1,1
4692,1,0,0,1,0
4693,1,1,0,0,0
4695,0,0,1,1,0
4697,0,0,1,0,1
4698,0,1,1,1,1
4701,0,0,1,0,1
4702,0,1,0,0,0
4704,0,0,1,0,0
4707,0,0,1,0,0
4709,0,0,0,1,1
4710,0,0,0,0,0
4713,0,0,1,0,0
4715,1,0,1,0,1
4717,1,1,0,1,0
4718,0,1,1,0,0
4719,1,1,0,0,1
4722,1,1,0,1,0
4723,1,0,0,0,1
4728,0,0,1,1,1
4732,0,1,0,0,0
4735,1,0,1,0,0
4736,0,1,0,1,0
4738,1,0,0,0,0
4739,0,0,0,0,1
4746,1,0,1,0,0
4748,0,1,0,1,1
4749,0,0,1,0,1
4751,1,1,0,1,0
4752,0,0,0,0,0
4753,0,0,0,0,0
4754,0,1,0,0,1
4755,0,1,0,0,1
4756,0,0,0,0,1
4757,0,0,0,0,0
4759,0,0,0,0,0
4765,0,0,1,0,0
4766,0,0,1,0,1
4768,0,1,1,1,0
4771,0,0,0,0,0
4775,1,0,0,0,1
4776,0,0,0,0,0
4777,1,1,0,1,1
4778,0,0,1,1,0
4780,1,1,0,1,1
4783,0,0,0,1,1
4786,0,0,0,1,0
4787,0,0,0,0,0
4789,0,0,1,0,1
4790,0,1,0,0,0
4791,0,0,1,0,0
4793,0,1,0,1,0
4796,0,0,1,0,0
4799,0,1,1,0,0
4808,0,0,0,0,1
4810,0,0,0,1,0
4813,1,1,0,1,1
4814,1,1,0,1,1
4815,0,0,1,0,0
4816,0,1,0,0,0
4817,0,0,0,0,0
4819,0,0,1,0,0
4821,1,0,0,0,0
4822,0,0,1,1,0
4823,0,1,0,1,0
4825,1,0,1,0,0
4827,0,0,1,0,0
4828,0,0,1,0,1
4830,0,0,0,0,1
4831,1,1,1,1,1
4834,1,0,0,0,0
4836,0,0,1,1,1
4837,0,1,1,0,0
4840,0,1,0,0,0
4843,0,0,1,0,1
4847,1,1,0,1,0
4849,1,1,0,0,0
4850,1,1,0,1,0
4853,0,1,0,0,0
4854,1,1,0,0,1
4855,1,0,1,0,1
4856,0,0,0,0,1
4858,0,1,0,1,0
4862,0,0,0,0,0
4865,0,0,1,1,1
4866,0,0,0,0,0
4867,1,0,0,0,1
4872,0,1,1,1,1
4873,0,0,1,0,0
4874,0,0,1,0,0
4876,1,0,0,0,1
4878,1,0,0,0,1
4881,0,0,1,0,0
4885,0,0,1,0,0
4886,1,0,0,0,0
4889,0,0,0,0,1
4892,0,0,0,0,0
4893,0,1,1,0,0
4894,0,1,0,0,0
4896,1,0,0,0,1
4898,1,1,0,1,1
4900,0,0,0,0,1
4901,1,1,0,0,0
4906,0,0,1,1,0
4907,1,1,0,1,0
4911,1,0,1,0,0
4913,1,1,0,1,1
4914,1,0,0,1,1
4915,0,1,1,0,0
4916,0,1,1,1,1
4917,1,1,0,1,1
4918,1,1,0,1,1
4919,0,0,0,0,0
4920,0,1,0,0,0
4921,0,0,1,0,0
4923,0,1,0,1,0
4924,0,1,1,1,0
4925,0,1,0,0,1
4929,1,0,0,0,0
4930,0,0,0,0,0
4931,0,0,0,0,0
4933,0,0,1,0,0
4934,0,0,1,0,0
4935,1,0,0,0,1
4937,1,0,0,0,0
4938,0,0,0,1,0
4943,1,1,0,0,1
4947,1,1,0,1,1
4950,1,1,0,0,1
4953,0,1,1,1,1
4954,1,0,0,0,1
4955,0,1,0,1,0
4957,0,0,1,0,0
4959,0,1,0,0,0
4961,1,1,0,1,0
4962,0,0,0,0,0
4963,0,0,0,0,0
4965,1,0,1,0,0
4967,0,0,0,0,0
4969,1,0,0,0,1
4970,0,1,0,0,0
4971,0,0,0,1,0
4972,0,1,1,0,0
4977,0,0,0,1,0
4979,1,0,0,0,0
4980,0,1,0,0,0
4981,0,0,1,0,0
4982,0,1,0,0,0
4983,0,1,0,1,1
4985,0,1,0,0,0
4986,0,0,0,0,0
4987,0,0,1,0,0
4988,1,0,0,0,1
4990,1,1,0,1,0
4991,0,1,0,0,0
4992,0,0,0,1,0
4996,0,0,0,1,0
4997,0,0,1,0,0
4999,0,1,0,0,0
5000,0,0,1,1,0
5003,1,0,0,0,1
5005,0,0,1,0,0
5007,0,0,1,0,0
5009,0,0,0,0,0
5011,0,1,0,1,1
5012,1,1,0,0,1
5016,0,0,0,0,1
5020,0,1,0,1,0
5021,0,0,1,0,0
5022,0,0,1,0,0
5023,0,1,0,0,0
5024,0,0,1,1,0
5025,0,1,1,0,0
5026,0,0,1,0,0
5028,0,1,0,0,1
5029,0,1,0,0,0
5033,0,1,0,1,1
5035,0,0,0,1,0
5038,0,1,1,1,1
5040,0,0,1,0,1
5042,1,0,0,0,0
5043,0,0,1,0,0
5046,1,1,0,1,1
5047,0,0,0,0,0
5052,0,1,0,1,0
5054,1,0,0,1,1
5056,0,0,1,0,1
5058,0,0,1,0,1
5059,1,1,0,1,1
5062,0,0,1,0,0
5063,1,1,0,0,1
5065,0,0,0,0,0
5066,0,0,0,1,0
5067,0,0,1,0,0
5068,1,1,0,0,0
5070,1,0,1,0,0
5074,1,1,0,0,1
5075,0,0,1,0,0
5078,0,1,0,1,0
5081,0,0,1,1,0
5083,0,0,0,0,0
5084,0,1,0,0,0
5085,0,1,0,0,0
5088,0,0,1,1,0
5090,0,0,0,0,0
5091,0,1,0,1,1
5092,0,1,0,0,1
5094,1,1,0,0,0
5096,1,1,0,1,1
5098,0,0,0,0,1
5102,1,0,0,0,1
5106,0,0,0,1,0
5107,0,0,0,0,0
5108,1,0,0,1,1
5109,1,0,0,0,0
5111,1,0,0,0,0
5115,1,1,0,0,0
5117,0,1,0,1,0
5118,0,0,1,0,1
5119,0,1,0,1,0
5125,0,0,1,0,1
5126,0,0,0,1,0
5127,0,0,0,0,0
5128,0,1,1,0,0
5129,1,1,0,1,0
5131,0,0,0,0,1
5132,0,0,1,0,0
5135,0,1,0,1,0
5136,1,1,0,0,1
5138,1,1,0,0,1
5140,0,0,0,0,0
5141,1,0,0,0,1
5143,0,1,0,1,1
5151,1,1,0,0,0
5152,0,0,1,0,0
5154,1,1,0,0,1
5155,0,0,0,0,0
5156,1,1,0,0,0
5157,0,0,0,0,0
5158,0,1,0,1,0
5159,0,0,0,0,1
5162,0,0,0,0,1
5163,1,0,0,0,1
5166,0,0,1,0,0
5169,1,0,0,0,0
5170,0,0,1,0,0
5171,0,0,0,0,1
5172,1,0,1,1,1
5173,1,0,0,0,1
5175,1,0,0,0,0
5181,0,0,1,0,0
5182,1,0,0,0,0
5183,0,0,1,0,0
5184,0,0,0,0,0
5188,0,0,0,0,0
5191,0,0,0,0,0
5192,1,1,0,0,0
5193,0,0,0,1,0
5194,0,0,0,0,0
5198,0,1,0,1,0
5200,1,0,0,0,0
5204,0,0,1,0,0
5205,1,0,0,0,1
5209,0,0,1,0,0
5211,0,0,1,1,0
5212,0,0,0,1,1
5215,0,0,0,0,0
5218,0,0,0,0,0
5222,0,0,1,0,0
5224,0,0,1,0,1
5227,1,0,0,0,0
5229,1,0,0,0,0
5230,0,0,1,0,0
5231,1,0,0,1,1
5232,1,0,0,0,0
5236,0,0,0,0,0
5238,1,1,0,1,1
5242,0,1,0,1,1
5243,0,0,0,0,1
5244,0,0,0,0,0
5245,0,0,0,0,1
5246,1,0,0,0,1
5249,0,0,0,0,0
5256,1,0,0,0,1
5257,1,0,0,0,0
5259,0,1,0,1,1
5260,1,0,0,1,1
5262,0,1,0,1,1
5264,0,1,0,1,0
5266,0,0,0,0,0
5267,1,0,0,0,1
5270,0,1,0,1,1
5272,0,1,1,0,0
5273,0,0,1,0,0
5275,0,0,1,0,0
5276,0,0,0,0,0
5279,0,0,0,0,0
5280,1,0,1,1,1
5281,1,0,0,0,0
5283,1,0,0,0,1
5285,0,0,1,0,0
5288,0,1,0,1,0
5290,0,0,0,1,1
5293,0,1,0,0,0
5296,0,1,0,0,1
5297,0,0,1,0,0
5301,0,1,0,0,0
5302,0,0,0,1,1
5303,1,1,0,0,1
5306,0,0,0,1,1
5307,0,1,0,1,0
5309,1,0,0,0,0
5317,0,1,0,0,1
5318,0,1,0,0,0
5319,1,0,0,0,0
5320,0,0,0,0,1
5322,1,1,1,0,1
5324,0,0,1,1,0
5325,0,1,0,0,1
5329,0,0,0,1,1
5335,1,0,0,1,0
5336,0,1,0,0,0
5337,0,1,0,0,1
5341,0,0,1,0,1
5344,0,1,0,1,1
5345,1,0,0,0,1
5346,1,1,0,1,1
5349,0,0,1,1,0
5350,0,0,1,0,0
5353,0,1,0,0,0
5355,0,0,1,0,1
5356,1,1,0,0,1
5357,0,0,0,0,0
5361,0,0,0,0,1
5362,0,0,0,0,0
5364,0,1,0,0,0
5366,0,1,0,0,0
5367,0,0,1,0,0
5372,1,0,1,0,0
5374,0,1,1,0,1
5375,0,0,0,0,0
5376,1,0,0,1,0
5379,0,0,0,1,0
5386,0,0,0,1,1
5387,0,0,0,0,0
5388,0,0,0,0,0
5392,0,0,0,0,0
5393,1,0,0,0,0
5394,0,0,1,0,0
5395,1,1,0,0,0
5401,0,0,1,0,1
5402,0,0,1,0,0
5409,0,0,1,1,0
5410,0,0,0,0,0
5411,0,0,1,0,0
5413,1,1,0,0,1
5416,1,1,0,0,0
5419,1,0,0,0,0
5422,0,1,0,1,1
5423,0,0,0,0,0
5424,1,1,0,1,1
5427,0,1,0,1,0
5428,0,0,0,0,0
5430,0,0,1,0,0
5431,0,0,1,0,0
5433,1,1,0,1,1
5435,0,0,0,0,0
5436,0,0,1,1,1
5439,0,0,1,0,0
5440,0,0,1,0,0
5441,0,1,0,1,1
5443,1,0,0,0,0
5446,1,1,0,1,1
5448,1,0,1,1,1
5450,0,1,0,0,0
5451,0,0,0,0,0
5452,0,0,0,0,0
5458,0,0,1,0,1
5459,0,0,0,0,0
5460,0,0,1,0,0
5466,0,0,1,0,1
5469,0,0,0,0,0
5472,0,0,1,1,1
5476,0,0,1,0,0
5477,0,0,0,0,0
5478,0,0,1,0,0
5479,1,1,0,1,1
5480,0,0,0,0,1
5481,1,1,0,0,1
5485,0,0,1,0,0
5486,0,1,0,1,0
5488,0,0,1,0,0
5489,1,0,0,0,0
5491,0,1,0,1,0
5492,1,1,0,0,0
5495,0,0,1,0,0
5497,0,0,0,0,0
5498,0,1,0,0,0
5499,1,0,0,0,0
5501,1,0,0,1,1
5502,1,0,0,0,0
5506,0,1,0,0,0
5507,0,0,1,1,1
5509,0,0,1,0,0
5510,0,0,0,0,1
5512,0,1,1,1,1
5516,0,1,0,0,0
5517,1,1,0,1,1
5518,0,1,0,0,0
5523,0,0,1,0,1
5525,1,0,0,1,0
5526,0,1,0,1,0
5527,0,0,1,1,1
5529,0,1,0,0,0
5531,0,0,0,0,0
5532,0,0,1,0,0
5533,0,0,0,1,1
5538,0,0,1,0,0
5540,1,1,0,1,1
5543,0,0,0,0,0
5546,0,1,1,1,0
5547,0,0,1,0,0
5549,1,1,0,1,0
5550,0,1,0,0,0
5551,0,1,1,1,1
5553,1,0,0,1,0
5555,0,0,1,0,0
5556,1,0,0,0,0
5557,1,1,0,0,1
5558,0,1,0,1,0
5562,0,0,0,0,0
5563,0,1,0,0,0
5564,0,0,0,1,1
5565,0,1,0,0,0
5566,0,0,0,0,0
5567,1,1,0,0,1
5568,0,0,0,0,0
5571,0,0,0,1,0
5575,0,0,1,0,0
5576,0,0,1,0,0
5577,0,0,1,0,0
5578,0,0,0,0,0
5579,0,0,0,1,1
5580,0,0,0,0,0
5581,0,1,0,1,0
5584,0,0,1,0,0
5589,1,1,0,0,0
5593,0,0,0,0,1
5594,1,0,0,1,0
5595,0,0,1,1,0
5598,0,0,0,1,1
5600,0,0,0,1,0
5601,0,0,0,1,0
5605,0,0,0,1,1
5606,1,0,0,0,1
5607,0,0,0,0,0
5608,0,0,1,0,0
5613,0,0,1,0,0
5615,0,0,1,0,0
5616,0,1,0,0,0
5619,0,1,1,0,1
5622,0,1,0,0,1
5624,0,1,0,0,0
5625,1,1,1,1,1
5626,1,0,0,1,1
5627,0,1,0,1,0
5628,0,1,0,0,0
5629,0,0,1,0,0
5633,1,0,1,0,1
5635,0,0,1,0,1
5637,0,0,1,1,0
5638,0,0,0,0,1
5641,0,0,0,0,0
5644,1,1,0,0,0
5645,0,0,1,1,0
5646,1,0,0,1,0
5647,1,0,0,0,1
5651,0,0,1,1,1
5652,1,0,1,1,0
5654,1,0,0,0,0
5661,1,0,0,0,1
5662,1,0,0,1,1
5666,0,0,0,0,0
5667,0,0,0,0,0
5669,0,0,0,0,0
5670,1,1,0,1,1
5672,0,1,0,0,1
5675,0,0,0,0,0
5677,0,0,1,0,0
5679,1,1,0,1,1
5680,0,0,0,0,0
5682,0,0,1,1,0
5683,1,1,0,1,1
5686,0,0,1,0,0
5689,0,1,0,0,0
5690,1,0,0,0,1
5692,0,0,1,0,0
5693,0,0,0,0,0
5697,1,0,0,0,1
5700,1,0,0,0,0
5701,1,0,0,1,1
5705,0,1,0,1,1
5711,0,0,1,0,1
5712,0,1,0,1,0
5714,0,0,1,1,0
5716,0,0,1,0,0
5719,1,0,0,1,1
5720,0,0,0,0,1
5721,1,1,0,0,0
5722,0,0,1,0,1
5724,0,0,1,1,0
5726,0,0,0,0,1
5727,1,0,0,0,0
5728,0,1,1,0,1
5730,0,0,0,0,0
5732,1,0,0,1,1
5733,0,0,0,0,1
5734,0,1,0,1,0
5737,1,1,0,0,0
5738,1,0,0,0,1
5742,1,1,0,1,1
5746,0,1,0,0,0
5749,0,0,0,1,0
5752,1,1,0,1,1
5756,1,0,1,0,0
5758,0,0,1,0,1
5759,0,0,0,0,0
5764,1,0,0,0,1
5766,0,1,1,1,0
5768,1,0,1,0,0
5770,0,0,1,1,0
5771,0,0,0,0,0
5772,0,0,0,0,0
5773,0,1,1,0,0
5774,1,0,0,1,1
5775,0,0,1,0,0
5777,0,0,0,1,0
5778,0,0,0,0,0
5779,0,0,0,0,1
5780,0,0,1,0,1
5784,1,0,0,1,1
5786,0,0,1,0,0
5790,0,0,1,1,0
5791,0,0,0,1,0
5792,0,1,0,1,1
5793,0,0,0,0,0
5794,1,1,0,0,1
5795,1,1,0,1,1
5796,0,0,1,0,0
5797,0,0,1,0,0
5799,0,0,1,1,0
5802,0,1,0,0,1
5804,0,0,0,0,0
5806,0,1,0,0,0
5810,1,1,0,0,1
5811,0,0,0,1,0
5813,1,0,1,0,1
5818,0,0,0,0,0
5822,0,0,0,0,0
5825,1,1,0,1,1
5826,1,1,0,1,1
5831,0,0,1,0,1
5832,1,1,0,0,1
5835,0,1,0,1,0
5837,1,1,0,1,1
5840,0,0,0,0,0
5841,1,0,0,0,0
5844,0,0,0,0,0
5845,1,1,1,0,0
5846,0,1,1,0,1
5849,0,0,1,1,1
5850,0,0,0,0,1
5852,0,1,0,0,1
5854,0,0,0,0,1
5858,0,1,0,1,0
5859,0,0,0,0,0
5860,0,0,0,0,0
5861,1,0,0,0,0
5865,0,0,1,0,0
5866,0,0,1,0,0
5870,0,0,0,0,0
5871,0,0,1,0,1
5873,0,0,1,0,1
5874,0,0,1,1,0
5877,0,0,1,1,0
5879,0,0,1,0,0
5880,1,0,1,0,1
5881,1,1,0,1,0
5884,1,0,0,0,0
5885,1,0,1,1,0
5886,1,0,0,0,0
5890,1,0,0,0,1
5893,0,1,0,0,1
5894,0,1,0,0,0
5895,1,0,1,0,0
5896,1,1,0,0,1
5897,0,1,0,1,1
5903,0,1,0,1,0
5904,0,1,1,1,0
5906,0,0,1,0,1
5908,0,0,0,0,1
5909,0,0,0,0,0
5911,1,1,1,1,1
5912,1,0,1,0,0
5916,0,1,0,0,0
5917,1,0,0,0,0
5919,0,0,1,0,0
5920,0,1,0,1,0
5921,0,0,1,1,0
5923,1,0,0,1,0
5926,0,1,0,0,0
5927,1,1,0,0,1
5928,1,1,0,1,0
5930,0,0,0,0,0
5931,0,0,1,0,0
5933,1,0,0,1,0
5934,0,0,1,0,0
5935,1,0,0,0,0
5939,0,0,1,1,0
5940,0,0,0,0,0
5946,0,0,1,0,0
5947,0,0,1,0,1
5949,0,1,0,0,0
5950,0,0,1,0,0
5952,0,1,0,0,0
5953,0,1,0,0,0
5954,0,0,0,0,0
5955,0,0,1,0,1
5957,0,1,0,1,0
5958,1,0,0,1,0
5962,0,0,1,0,0
5963,0,1,0,0,0
5964,0,0,1,0,0
5965,0,0,1,0,1
5966,0,1,0,0,0
5968,0,0,1,0,0
5969,1,1,0,1,0
5970,1,1,0,0,0
5972,1,0,1,0,1
5973,0,0,1,0,0
5980,0,0,1,0,0
5981,0,0,0,0,1
5983,0,0,0,0,0
5988,0,0,1,1,1
5989,0,0,1,1,0
5992,0,0,1,1,0
5994,1,0,0,0,0
5995,1,1,0,1,1
5996,0,0,0,0,0
5997,0,1,0,0,0
6001,1,0,0,0,1
6008,1,1,0,1,1
6009,0,0,0,0,0
6011,1,0,0,0,0
6013,1,1,0,0,0
6014,1,0,1,0,1
6015,0,1,0,0,0
6016,0,0,0,1,0
6018,0,1,0,1,0
6024,0,0,1,0,0
6025,0,0,0,0,0
6027,1,0,0,0,1
6029,0,0,1,0,0
6033,1,1,1,1,1
6037,0,0,0,1,0
6040,0,1,1,0,0
6041,0,1,0,1,0
6043,0,0,0,0,0
6044,0,0,1,0,0
6047,0,0,1,0,0
6049,0,1,1,1,0
6053,1,1,0,0,0
6054,0,0,0,0,0
6056,0,1,0,0,1
6058,0,1,0,1,0
6060,0,0,1,0,0
6062,1,1,0,1,0
6063,0,0,0,0,0
6064,0,0,0,0,0
6065,0,0,1,1,1
6067,0,0,1,0,0
6070,1,0,0,1,0
6072,1,0,0,0,0
6073,0,0,0,1,1
6074,0,1,0,0,0
6075,0,0,0,0,0
6076,0,0,1,0,0
6079,0,0,1,0,0
6081,0,0,0,0,0
6083,0,0,0,1,0
6086,1,1,0,0,0
6089,1,1,0,0,0
6091,0,0,0,0,0
6093,0,0,0,1,0
6098,0,1,1,1,0
6099,1,0,0,0,0
6101,0,0,1,1,0
6102,0,0,1,0,0
6103,0,0,0,0,0
6107,0,0,1,1,1
6108,0,0,1,1,1
6110,0,0,0,0,0
6112,0,0,0,1,1
6114,0,1,0,1,1
6118,0,0,0,0,0
6121,1,1,1,0,0
6122,0,1,0,1,1
6123,0,0,1,1,1
6124,1,1,0,1,1
6128,0,0,1,0,0
6129,0,0,1,0,0
6131,1,0,1,0,0
6132,0,0,0,0,0
6133,0,0,1,1,1
6135,0,1,1,1,1
6136,1,0,0,0,0
6137,0,0,1,0,0
6139,0,1,1,0,0
6141,0,0,1,0,0
6143,1,0,0,0,1
6144,1,0,0,0,0
6146,0,1,0,1,1
6147,0,0,1,0,0
6149,0,0,1,1,0
6151,1,0,0,0,0
6154,0,0,1,0,0
6159,1,1,0,1,1
6160,0,0,1,0,1
6162,0,0,0,1,0
6163,1,1,0,0,1
6165,0,0,1,0,1
6167,0,0,1,1,0
6168,0,0,1,0,0
6170,0,0,1,0,0
6172,0,0,1,0,1
6174,0,0,0,1,1
6176,0,0,0,1,0
6178,1,1,0,0,0
6180,1,0,0,0,0
6181,0,0,1,0,1
6182,0,0,1,1,0
6183,0,0,0,0,1
6184,0,0,0,0,0
6185,1,0,1,0,0
6186,0,0,1,1,1
6187,0,1,1,0,0
6188,1,0,0,1,0
6189,0,1,1,1,1
6191,1,0,0,0,1
6192,0,0,0,0,0
6195,0,1,1,0,0
6197,1,0,0,1,0
6199,0,1,0,1,0
6200,1,0,0,1,1
6202,0,1,0,0,0
6204,1,1,0,1,1
6209,1,0,0,0,0
6212,1,1,0,1,1
6216,0,0,1,0,0
6219,0,0,0,0,1
6222,1,1,1,1,0
6223,1,1,0,1,1
6224,1,0,0,0,1
6225,1,1,0,1,1
6226,0,0,1,0,1
6227,0,0,0,1,0
6228,0,0,0,0,0
6231,0,0,0,0,0
6233,1,1,0,0,1
6235,0,1,0,0,0
6237,0,0,1,1,0
6242,0,1,0,1,0
6248,1,0,0,0,0
6249,0,0,1,0,1
6253,1,0,0,0,0
6254,1,1,0,1,0
6257,0,1,0,0,0
6258,1,0,0,0,0
6261,1,1,0,0,1
6262,0,0,0,1,0
6263,0,0,1,0,0
6266,1,1,0,0,1
6267,1,1,0,1,1
6268,1,1,0,0,1
6269,1,0,0,0,1
6270,0,0,0,0,0
6274,0,0,1,0,0
6275,0,0,0,0,1
6276,0,0,0,0,0
6278,0,0,1,0,0
6280,0,0,0,0,0
6283,1,0,1,0,1
6285,0,0,0,0,0
6286,1,1,0,0,1
6287,1,1,0,0,0
6288,0,0,0,0,1
6289,1,0,0,0,0
6290,0,0,1,0,0
6292,1,1,0,1,1
6294,0,0,1,0,0
6296,1,1,0,0,0
6303,0,0,1,0,0
6304,0,1,0,0,0
6305,1,0,0,0,1
6307,0,0,1,0,0
6308,0,0,0,0,0
6309,1,1,0,1,1
6311,0,0,0,0,0
6312,0,0,1,0,0
6316,1,1,0,1,1
6317,1,1,0,1,0
6319,0,0,1,0,0
6320,1,0,0,0,1
6323,0,0,1,0,0
6327,0,0,0,0,0
6329,0,1,0,0,0
6330,1,1,0,0,1
6334,0,0,0,0,1
6335,0,0,1,0,0
6340,1,0,0,1,0
6341,0,0,0,1,0
6342,0,0,1,0,0
6343,0,0,1,0,0
6344,0,1,1,0,0
6345,1,1,0,1,0
6348,1,0,1,0,1
6349,0,0,0,0,0
6352,1,0,0,0,1
6353,0,0,0,1,0
6355,0,1,0,0,1
6356,0,0,0,0,0
6357,1,0,0,0,1
6364,0,0,1,0,0
6365,1,0,1,0,0
6367,0,0,0,0,0
6368,0,1,0,1,0
6369,1,0,0,0,0
6371,1,1,0,0,1
6372,0,1,1,1,0
6373,0,0,1,1,0
6376,0,0,1,0,0
6377,0,0,0,0,1
6379,0,1,0,1,0
6380,1,1,0,1,1
6384,0,0,1,0,0
6385,0,0,1,0,0
6387,0,1,0,0,1
6390,0,0,1,1,1
6391,1,0,0,0,1
6392,0,0,0,0,1
6393,0,0,0,0,1
6394,1,1,0,0,1
6397,1,0,0,1,0
6406,0,0,1,0,1
6407,0,0,0,0,0
6408,0,0,0,0,0
6409,0,0,0,1,0
6412,1,1,0,0,1
6413,0,1,0,1,0
6414,0,0,0,1,0
6415,0,0,1,1,0
6416,0,1,1,0,1
6421,0,0,0,0,0
6427,0,0,1,1,0
6429,0,0,0,0,0
6432,1,0,0,0,1
6434,1,0,0,0,0
6435,1,0,0,0,0
6436,0,1,0,1,0
6437,1,1,0,0,1
6445,1,0,0,0,1
6446,0,1,0,1,1
6448,1,0,0,0,1
6452,0,0,0,0,0
6454,0,0,0,1,0
6458,0,1,0,1,0
6460,0,0,0,0,0
6461,0,1,1,1,0
6462,0,0,0,0,0
6464,0,0,1,0,0
6465,0,1,0,0,1
6468,1,1,0,0,0
6470,0,1,0,0,1
6481,1,1,0,1,1
6482,0,0,0,0,0
6483,0,0,0,0,0
6484,0,1,1,0,0
6485,0,0,1,0,0
6487,0,1,0,0,0
6488,0,0,0,1,0
6491,0,0,1,0,0
6492,1,0,0,0,0
6493,0,0,1,0,0
6495,1,0,1,0,0
6496,0,1,0,1,0
6497,0,0,1,0,1
6499,1,0,0,0,0
6500,0,0,1,0,1
6502,1,0,1,1,1
6503,0,1,1,1,0
6508,0,0,0,0,0
6511,0,0,0,0,0
6513,0,0,1,1,0
6514,1,1,0,0,1
6516,1,0,0,1,1
6518,0,1,0,0,0
6519,1,1,0,1,1
6520,1,1,0,1,1
6521,1,1,0,0,1
6523,0,1,1,0,0
6526,0,1,0,0,1
6527,0,0,0,0,0
6528,0,0,0,0,0
6533,0,1,0,0,0
6535,0,0,0,0,1
6536,0,0,0,0,0
6538,0,0,1,0,0
6539,1,1,0,0,1
6540,0,0,0,1,1
6541,0,0,0,1,1
6542,1,1,0,1,1
6547,0,1,0,0,0
6549,0,1,0,1,0
6550,1,0,0,1,1
6552,0,1,0,0,0
6554,0,0,0,0,0
6557,0,0,1,0,0
6562,1,0,0,0,0
6563,0,0,1,0,0
6564,0,0,0,0,0
6565,0,0,1,0,1
6567,1,0,0,1,0
6569,0,0,0,1,1
6571,1,1,0,0,0
6573,0,1,0,0,0
6574,0,0,0,0,1
6575,0,0,1,1,0
6576,0,0,1,1,0
6577,1,0,0,1,0
6578,0,0,0,0,0
6580,0,0,1,0,0
6581,1,1,0,0,0
6586,0,0,0,0,1
6587,0,0,1,1,0
6590,0,0,1,0,0
6591,1,0,1,0,0
6592,0,0,0,0,0
6596,1,0,1,0,1
6599,0,0,0,1,0
6604,0,0,0,1,1
6607,0,0,1,0,0
6608,1,1,0,0,1
6609,0,0,0,0,1
6611,0,1,0,0,1
6612,0,0,1,0,1
6614,1,0,1,0,1
6618,1,0,0,0,0
6619,0,0,0,0,0
6621,1,1,0,1,1
6622,1,0,0,0,1
6624,1,1,0,0,0
6641,0,1,0,1,0
6646,0,0,1,0,0
6647,0,0,0,0,0
6648,0,1,0,0,0
6649,0,0,1,0,0
6650,0,0,1,1,0
6651,1,0,0,0,1
6655,0,0,1,0,0
6656,1,0,1,1,1
6657,0,0,1,1,0
6662,0,1,0,1,1
6664,0,0,0,0,0
6665,0,1,1,1,1
6666,0,0,0,0,1
6668,0,1,0,0,1
6669,0,0,1,0,0
6670,0,0,1,0,0
6674,0,0,0,1,0
6678,0,0,1,1,0
6680,1,1,0,1,1
6681,0,0,1,1,0
6682,0,0,0,1,0
6684,0,1,0,0,1
6686,0,0,0,0,0
6689,0,0,0,0,0
6691,0,0,1,1,1
6692,0,1,0,0,0
6695,0,0,0,0,0
6696,0,0,1,0,0
6700,1,0,1,0,1
6701,0,0,0,0,0
6703,0,1,0,1,0
6704,0,1,0,0,0
6705,0,1,1,0,0
6706,1,1,0,0,1
6707,0,0,0,1,0
6710,0,0,0,0,0
6711,0,0,1,0,0
6712,0,0,1,1,1
6714,1,1,0,1,0
6715,0,0,0,0,0
6718,1,0,1,0,1
6719,0,1,0,1,0
6720,1,0,0,0,1
6721,0,1,1,1,0
6722,0,0,0,0,1
6724,0,1,0,0,0
6725,1,1,0,1,1
6726,1,0,0,0,0
6728,0,0,1,0,0
6730,1,1,1,1,1
6731,1,0,0,0,1
6740,0,0,1,0,0
6743,1,0,1,1,1
6747,0,0,0,0,1
6748,0,0,0,0,0
6749,0,0,0,0,0
6752,1,0,0,1,1
6753,0,0,0,0,0
6755,0,0,1,0,0
6756,0,0,0,1,0
6757,0,0,1,1,0
6759,1,1,0,0,0
6761,0,0,0,1,1
6764,0,0,0,1,0
6766,0,0,1,0,0
6767,1,1,0,0,0
6768,0,0,1,0,0
6769,0,0,0,0,0
6770,0,0,0,1,0
6771,1,0,0,0,1
6773,0,0,0,0,1
6775,0,0,0,0,0
6777,0,1,0,0,1
6778,0,1,1,0,0
6779,0,0,0,0,0
6781,0,0,0,1,0
6782,1,0,0,0,0
6783,0,1,1,1,1
6785,0,0,1,0,0
6787,0,0,0,0,0
6788,0,1,0,1,1
6789,0,1,0,1,1
6790,0,0,0,1,0
6791,0,0,0,0,1
6799,0,0,1,0,0
6800,1,1,0,1,0
6801,0,0,0,1,0
6802,1,1,0,0,1
6803,0,0,0,1,1
6804,0,0,1,1,0
6805,1,0,0,1,1
6806,0,0,1,0,0
6807,0,0,0,1,0
6809,0,1,0,1,0
6810,0,1,1,0,0
6812,0,0,0,0,1
6815,0,0,1,1,0
6816,0,0,1,0,0
6818,0,1,0,0,1
6820,0,0,1,0,1
6821,0,0,0,0,0
6823,0,0,0,0,0
6824,0,1,0,0,1
6825,1,0,1,0,1
6829,0,0,1,1,1
6830,0,0,0,0,0
6831,0,0,1,1,1
6832,0,0,0,1,0
6834,1,0,1,0,1
6835,0,1,0,0,0
6837,1,1,0,0,0
6839,1,0,0,0,0
6841,1,0,0,1,0
6850,0,0,0,0,0
6851,0,0,1,0,0
6852,0,0,0,0,0
6859,0,0,0,0,0
6861,1,1,0,0,1
6862,1,0,0,0,0
6863,0,0,0,0,0
6865,0,0,1,0,0
6866,0,0,1,0,0
6867,0,0,0,0,0
6868,0,0,1,0,0
6869,1,1,0,1,0
6870,0,0,0,1,0
6872,1,1,0,0,0
6873,1,0,0,1,0
6874,0,0,0,1,0
6876,0,0,0,0,0
6877,1,1,0,1,1
6879,1,0,0,0,0
6881,0,1,0,1,1
6882,0,0,0,0,0
6884,0,0,0,0,0
6887,0,0,1,0,0
6888,0,0,0,0,0
6889,1,0,0,1,0
6890,0,1,0,0,1
6892,0,0,0,0,1
6894,0,0,1,0,0
6895,1,0,0,0,0
6896,0,0,1,0,0
6898,0,1,1,0,0
6901,0,0,1,1,1
6904,1,1,0,0,1
6906,0,1,0,0,1
6907,0,0,0,0,0
6908,0,1,0,0,0
6910,0,0,1,1,0
6912,1,0,0,0,1
6913,0,0,1,0,0
6917,1,0,1,0,0
6918,1,0,0,0,0
6920,1,0,0,0,0
6921,0,1,0,0,1
6922,0,1,0,1,0
6923,0,0,1,0,0
6924,1,1,0,0,0
6926,0,1,0,0,1
6928,0,0,1,0,1
6929,0,1,0,0,0
6931,1,1,0,0,0
6932,0,0,0,1,0
6935,0,0,0,0,0
6936,0,0,0,1,1
6938,0,0,0,0,0
6940,1,1,0,0,1
6942,0,0,1,0,0
6946,1,1,0,1,0
6947,1,1,0,1,1
6949,1,0,0,0,1
6950,1,0,0,0,1
6951,0,0,0,0,0
6958,0,0,1,0,0
6960,1,0,0,0,0
6963,1,0,1,0,0
6965,0,1,1,1,1
6966,1,0,0,1,0
6967,0,0,1,0,1
6968,1,0,1,0,1
6969,0,0,1,0,0
6970,1,0,1,0,1
6972,0,0,0,0,0
6976,1,0,0,0,1
6978,0,0,1,0,0
6979,0,0,1,0,0
6980,1,1,0,0,0
6983,0,0,1,1,1
6985,0,0,1,1,0
6987,0,1,0,0,0
6988,1,1,0,0,1
6989,0,1,0,1,0
6990,0,0,0,0,0
6994,0,0,0,0,0
7001,1,0,0,1,1
7002,1,1,0,0,1
7003,1,0,1,0,0
7004,1,0,0,0,0
7009,1,1,0,1,1
7011,1,1,0,1,1
7014,1,1,0,1,0
7015,0,0,1,0,1
7017,1,1,0,0,0
7019,0,0,0,0,0
7021,1,1,0,1,0
7028,1,0,0,0,1
7030,1,0,0,0,1
7031,0,1,0,0,1
7032,0,0,1,1,0
7033,0,0,1,0,1
7036,1,0,0,1,1
7037,1,1,0,1,0
7040,0,0,1,1,0
7045,0,0,1,1,0
7046,1,0,0,0,0
7047,0,0,0,1,0
7048,0,0,0,1,0
7049,0,0,0,0,1
7053,0,0,1,0,0
7055,1,0,0,0,0
7056,0,1,0,0,0
7057,0,0,0,0,0
7058,0,0,1,0,0
7059,0,0,1,0,0
7060,0,0,0,0,0
7062,1,0,0,0,1
7064,0,1,0,0,0
7065,1,1,0,0,1
7066,0,0,0,1,1
7068,0,0,1,0,0
7071,0,0,1,0,0
7072,1,1,0,1,1
7075,0,0,1,0,0
7077,1,0,0,0,0
7079,1,1,0,1,1
7080,1,1,0,0,0
7081,0,0,0,0,0
7085,0,0,1,0,0
7089,1,0,1,0,1
7090,1,1,0,0,1
7091,0,0,0,0,1
7094,1,0,1,0,1
7095,1,1,0,1,1
7100,0,0,1,0,0
7102,0,0,0,0,0
7103,1,0,0,0,1
7106,0,0,0,0,0
7107,1,0,0,0,0
7108,0,0,0,1,1
7109,0,0,1,0,0
7111,0,0,1,0,0
7115,0,0,1,0,0
7116,0,0,0,0,0
7117,1,1,0,0,1
7118,0,0,0,0,0
7121,0,0,1,0,0
7122,0,0,0,1,1
7123,0,0,1,0,0
7125,0,1,0,0,1
7126,1,0,0,0,1
7127,1,0,0,0,1
7131,1,0,1,0,0
7133,0,0,0,1,0
7134,0,1,0,1,1
7138,0,1,0,1,1
7140,0,0,0,0,0
7141,0,1,0,0,0
7142,0,0,1,1,1
7145,1,1,1,0,0
7149,0,0,1,0,1
7150,0,0,0,0,0
7154,1,1,0,0,0
7155,0,0,0,0,0
7156,0,0,1,0,1
7157,0,0,0,0,0
7158,0,1,1,1,0
7159,1,1,0,0,1
7163,0,1,0,0,0
7165,1,1,0,0,1
7166,0,0,0,1,1
7167,1,1,0,1,1
7168,0,1,0,1,0
7174,0,0,0,1,0
7175,0,0,1,0,0
7176,0,1,0,1,0
7178,0,0,0,1,0
7181,0,1,1,0,0
7186,0,1,1,1,0
7189,0,1,0,1,0
7190,0,0,0,0,0
7191,0,0,1,0,1
7194,1,0,1,0,0
7197,0,0,0,0,0
7198,0,0,1,0,0
7202,0,0,0,0,0
7203,0,0,0,0,0
7205,0,1,1,1,1
7206,0,0,0,0,0
7207,0,1,0,0,0
7210,0,0,1,1,0
7211,1,1,0,0,0
7212,0,0,0,0,1
7213,0,0,1,1,1
7215,0,0,1,0,0
7218,1,0,0,0,1
7219,1,0,1,0,1
7220,0,1,0,0,1
7223,0,1,1,0,0
7224,0,0,0,0,0
7226,1,1,0,1,1
7227,0,0,0,0,0
7228,1,0,0,0,1
7230,0,1,0,1,0
7232,0,0,1,0,0
7233,1,1,1,1,0
7234,1,1,0,1,1
7235,1,0,0,0,1
7236,0,0,1,0,0
7237,0,0,0,0,0
7244,1,0,0,1,1
7245,0,0,0,0,0
7246,0,1,1,1,0
7248,1,0,0,0,1
7249,0,0,0,0,0
7250,1,0,0,1,0
7252,1,1,0,1,0
7254,0,0,1,0,1
7255,0,0,0,0,0
7257,0,0,0,0,0
7258,1,0,0,0,0
7260,0,0,0,1,0
7262,0,1,0,0,0
7263,0,0,1,0,0
7264,0,0,0,0,0
7265,0,0,1,0,0
7270,0,0,1,0,0
7272,0,1,0,1,1
7273,0,0,0,0,0
7276,1,1,0,1,0
7278,1,0,0,1,1
7279,0,0,0,0,0
7280,1,0,0,1,0
7283,0,0,0,0,0
7286,0,1,0,1,1
7288,1,1,0,1,0
7291,0,1,0,0,0
7292,0,0,0,0,1
7295,0,0,0,1,0
7297,0,0,0,0,0
7298,0,0,0,1,0
7299,0,0,0,0,0
7301,0,0,0,0,1
7302,0,1,1,0,0
7303,0,0,1,0,0
7304,1,0,0,0,1
7306,1,0,1,0,1
7311,0,1,1,0,0
7313,0,0,1,0,0
7314,0,1,0,1,0
7315,1,0,1,1,1
7320,0,0,0,1,0
7322,1,1,0,0,0
7323,0,1,0,1,0
7325,0,0,1,0,1
7327,0,0,1,1,0
7330,1,0,0,0,1
7331,0,1,1,0,0
7336,0,0,0,1,1
7337,0,0,1,0,1
7338,0,0,1,0,0
7341,1,1,0,1,0
7342,0,1,0,1,0
7344,0,0,0,0,0
7345,1,0,1,0,1
7350,0,0,0,0,0
7352,0,1,1,0,0
7354,0,0,1,0,0
7357,0,1,1,1,0
7359,1,0,1,0,0
7360,0,0,0,1,0
7363,0,1,0,1,1
7364,0,0,0,0,1
7365,0,0,1,0,0
7367,1,1,0,1,0
7368,1,1,0,1,0
7369,0,1,1,0,0
7370,0,0,1,0,0
7372,0,0,1,0,0
7374,0,0,0,0,0
7375,0,0,1,0,0
7376,1,0,1,0,0
7379,0,0,0,0,1
7381,0,0,1,0,0
7382,1,1,0,0,1
7383,1,1,0,1,1
7385,0,1,1,1,0
7388,0,0,1,0,1
7391,1,0,0,0,0
7394,0,0,0,0,0
7397,1,1,0,0,1
7398,0,0,1,0,0
7401,0,0,1,0,0
7404,0,0,1,0,1
7406,0,0,0,1,1
7408,1,0,1,0,1
7409,1,0,1,0,0
7410,0,0,0,0,0
7411,1,1,0,1,1
7414,0,1,0,0,1
7415,0,0,0,0,0
7417,1,1,0,0,0
7419,1,0,0,0,0
7421,1,0,1,0,0
7422,0,1,0,0,0
7424,0,0,0,0,0
7425,1,0,0,1,0
7426,0,0,0,0,0
7428,1,1,0,0,1
7430,1,0,0,1,1
7431,1,1,0,1,1
7432,1,0,0,0,0
7434,0,0,0,1,0
7435,0,1,0,0,1
7436,0,0,0,1,0
7439,0,0,0,0,0
7444,0,0,1,0,1
7446,1,1,0,1,1
7451,0,0,1,0,0
7452,0,1,0,0,0
7454,1,1,0,1,1
7455,1,0,0,0,1
7459,0,0,0,1,0
7460,0,1,0,0,0
7461,0,0,1,0,0
7462,0,0,1,0,0
7463,0,1,0,0,0
7465,0,0,0,0,0
7466,0,1,0,1,0
7467,1,1,0,0,1
7470,0,0,1,1,0
7475,1,0,1,0,1
7476,0,1,0,0,0
7477,1,0,0,1,0
7480,1,0,0,0,0
7481,0,1,0,1,0
7484,0,1,0,0,0
7485,0,1,0,0,0
7486,0,0,0,1,0
7487,1,0,1,0,0
7489,1,0,1,0,1
7491,0,0,0,1,0
7495,1,1,0,0,1
7496,0,1,0,0,0
7499,0,0,1,0,0
7500,0,0,0,0,0
7502,0,0,1,1,0
7509,1,1,0,0,0
7510,0,0,0,1,0
7512,0,0,1,0,0
7514,1,0,0,0,1
7515,0,1,1,1,1
7517,0,0,1,1,0
7518,0,0,1,0,1
7520,0,0,1,1,1
7522,0,1,0,1,0
7528,0,0,0,1,0
7530,1,1,0,1,0
7533,0,0,1,0,0
7534,0,0,1,1,1
7535,0,1,1,0,1
7536,1,1,0,1,1
7538,0,1,0,1,1
7540,1,1,0,1,1
7545,1,1,0,0,0
7546,0,0,1,1,1
7547,1,0,0,1,1
7549,0,0,1,0,0
7550,1,0,0,0,0
7551,1,1,0,1,0
7553,1,1,0,1,1
7554,1,1,0,1,0
7555,1,1,1,1,1
7560,1,0,1,0,0
7563,0,0,0,0,0
7565,0,0,1,0,0
7569,1,1,0,0,0
7571,0,0,1,0,0
7572,1,0,0,0,0
7574,0,1,0,0,1
7575,1,1,0,1,0
7578,1,1,0,0,0
7582,0,0,0,0,0
7586,0,0,1,0,0
7592,0,0,1,0,1
7593,0,0,1,0,0
7596,0,1,0,0,0
7597,0,0,1,0,1
7598,0,1,0,1,0
7600,0,0,1,0,0
7602,0,0,1,0,1
7604,0,0,0,0,1
7606,0,0,1,0,1
7613,0,1,0,0,0
7614,1,0,1,1,1
7616,0,0,1,0,0
7620,1,1,0,0,1
7622,0,0,1,0,0
7624,0,0,1,0,0
7626,1,1,0,1,0
7629,0,1,0,0,0
7630,0,1,0,1,0
7631,1,0,0,0,1
7632,0,0,0,0,0
7633,1,1,0,0,1
7634,0,1,1,1,1
7635,0,0,0,0,1
7638,0,0,1,0,0
7642,0,0,1,1,0
7643,1,0,0,0,0
7646,1,0,0,1,1
7647,0,0,0,0,0
7649,0,1,1,0,0
7651,0,0,0,0,0
7652,1,0,0,1,1
7656,0,1,0,1,1
7657,1,1,0,1,0
7658,0,0,0,0,0
7659,0,0,1,0,1
7660,1,0,0,0,0
7661,0,0,1,0,0
7663,0,0,0,1,1
7664,0,0,1,0,1
7665,0,0,1,1,0
7666,0,0,1,0,1
7670,0,1,0,0,0
7671,0,1,0,0,0
7672,1,0,1,0,1
7673,0,1,0,1,1
7674,0,0,1,0,0
7676,0,1,0,1,0
7678,0,0,1,1,0
7681,1,0,0,1,1
7682,1,0,0,0,0
7684,1,0,0,0,0
7686,0,0,1,1,1
7688,0,0,0,0,0
7690,0,0,0,0,0
7691,1,0,1,0,0
7694,0,0,1,1,0
7696,0,0,1,0,0
7698,0,1,0,0,0
7699,0,0,1,0,0
7700,0,0,0,0,0
7703,0,0,0,0,0
7709,1,1,1,1,0
7710,1,1,0,0,1
7717,1,1,0,1,0
7718,1,0,0,0,0
7723,0,0,0,0,0
7724,0,1,1,0,0
7725,0,0,1,0,0
7726,0,1,0,1,1
7728,0,1,0,0,1
7730,1,0,0,0,0
7731,0,0,0,1,1
7734,1,1,1,0,1
7735,0,0,1,0,0
7739,0,0,0,0,0
7745,0,0,0,1,1
7747,0,0,1,0,0
7749,0,0,1,0,1
7750,0,0,1,0,0
7754,1,1,1,0,1
7757,1,1,0,0,1
7758,1,1,1,0,1
7759,1,1,0,1,1
7761,0,1,0,0,1
7767,0,0,1,0,0
7772,0,0,1,0,0
7778,1,0,0,0,0
7779,1,1,0,1,1
7781,1,1,0,1,1
7782,0,1,1,0,0
7783,0,1,0,1,1
7784,0,0,0,0,0
7787,0,0,0,1,0
7789,0,0,1,0,0
7790,0,1,1,1,1
7791,1,0,0,1,1
7794,0,0,0,0,0
7795,0,0,1,0,1
7797,0,0,0,0,0
7798,0,0,0,1,0
7800,0,0,0,1,0
7804,1,1,0,0,0
7806,1,1,0,1,1
7808,1,0,0,0,1
7809,0,1,0,0,0
7813,1,1,0,0,0
7814,0,0,1,0,0
7815,0,0,0,0,1
7820,0,0,1,0,0
7821,1,1,0,0,0
7822,0,0,1,0,0
7823,1,0,0,0,1
7824,1,0,0,0,1
7825,0,1,0,0,0
7826,0,0,1,1,0
7831,0,1,0,0,1
7835,0,0,0,0,0
7836,0,1,0,1,1
7838,0,0,1,0,0
7839,0,0,1,0,0
7840,1,1,0,1,1
7843,1,0,0,0,1
7844,0,0,1,0,0
7848,0,0,1,0,0
7850,0,0,1,0,0
7851,1,1,0,0,0
7853,0,0,0,0,0
7854,0,1,0,0,0
7857,0,0,1,0,0
7859,1,1,0,0,0
7862,0,1,0,0,1
7863,0,1,0,1,0
7865,0,0,0,1,0
7866,0,0,1,0,0
7871,1,0,0,0,1
7876,0,1,0,1,0
7877,0,0,1,0,0
7878,0,1,0,1,0
7879,0,0,0,0,0
7881,1,1,0,0,0
7882,0,0,1,0,0
7884,0,0,0,0,0
7885,1,0,1,0,1
7886,1,1,0,1,1
7888,0,0,1,0,0
7889,0,0,1,0,0
7890,0,0,0,0,0
7891,0,1,0,1,0
7892,1,0,0,1,0
7894,0,1,0,0,1
7895,1,0,0,0,0
7898,1,0,0,1,0
7900,0,0,0,0,0
7901,0,0,0,0,1
7902,0,0,0,1,0
7903,0,0,0,0,0
7906,0,1,0,0,0
7909,0,1,0,0,0
7913,0,0,0,0,0
7914,1,0,0,0,1
7915,0,0,1,0,0
7918,0,0,0,0,0
7920,0,0,0,0,0
7921,1,1,0,1,1
7922,0,1,1,0,0
7923,0,0,1,0,1
7927,0,0,0,0,1
7928,1,0,0,0,0
7931,0,1,0,1,1
7932,0,1,1,0,0
7938,0,0,0,0,0
7939,1,1,0,0,0
7943,0,1,0,0,1
7944,0,0,1,0,0
7945,0,1,0,1,1
7949,0,0,1,1,0
7958,0,0,0,1,0
7959,0,0,0,1,0
7961,1,0,0,0,0
7963,0,0,0,0,0
7966,0,1,0,1,0
7969,0,0,1,1,0
7971,1,1,0,1,1
7975,0,1,0,0,1
7978,0,0,0,0,0
7979,0,0,1,0,0
7981,0,0,1,1,0
7984,0,0,1,1,0
7986,0,0,1,1,0
7988,0,0,0,0,1
7993,0,0,0,1,0
7994,0,1,0,1,1
7995,0,0,0,0,0
7996,1,0,0,0,1
7999,1,0,0,0,0
8001,0,0,0,1,0
8002,0,0,1,0,1
8003,0,0,1,1,0
8005,1,1,0,1,1
8006,0,1,0,1,0
8007,0,0,0,1,1
8011,0,0,1,0,0
8014,0,1,1,1,0
8015,1,0,1,0,1
8017,0,0,0,0,0
8018,0,0,0,1,0
8020,0,0,0,0,0
8022,0,0,1,0,0
8029,0,0,1,1,0
8030,1,0,0,0,0
8031,0,0,0,0,0
8032,0,0,1,0,1
8033,0,0,1,0,1
8034,0,0,1,0,1
8035,0,0,1,0,0
8036,0,0,0,0,0
8037,0,0,0,0,0
8040,1,1,0,0,0
8042,0,0,0,1,0
8044,0,0,1,0,0
8045,0,0,0,1,0
8048,0,0,0,0,0
8049,0,0,0,1,0
8051,0,0,1,0,0
8052,0,0,1,0,0
8053,0,0,0,0,0
8055,0,0,1,0,0
8056,0,0,0,1,0
